player,pitcherHand,opponent,date,walks,pitches,battersFaced,strikeouts
Yoshinobu Yamamoto,R,NYY,2025-06-01,3,96,21,2
Yoshinobu Yamamoto,R,CLE,2025-05-26,2,88,23,7
Yoshinobu Yamamoto,R,ARI,2025-05-21,2,110,24,9
Yoshinobu Yamamoto,R,ATH,2025-05-15,2,88,24,6
Yoshinobu Yamamoto,R,ARI,2025-05-09,1,88,22,4
Yoshinobu Yamamoto,R,ATL,2025-05-02,2,91,21,6
Yoshinobu Yamamoto,R,PIT,2025-04-26,4,94,24,5
Yoshinobu Yamamoto,R,TEX,2025-04-19,0,102,25,10
Yoshinobu Yamamoto,R,CHC,2025-04-12,1,103,20,9
Yoshinobu Yamamoto,R,PHI,2025-04-04,3,97,22,5
Yoshinobu Yamamoto,R,DET,2025-03-29,2,91,22,10
Yoshinobu Yamamoto,R,CHC,2025-03-18,1,72,19,4
Framber Valdez,L,TB,2025-05-31,1,83,29,9
Framber Valdez,L,SEA,2025-05-24,4,101,25,5
Framber Valdez,L,TEX,2025-05-18,1,98,28,8
Framber Valdez,L,KC,2025-05-14,1,89,29,7
Framber Valdez,L,MIL,2025-05-07,2,101,25,7
Framber Valdez,L,CHW,2025-05-02,2,87,23,6
Framber Valdez,L,KC,2025-04-26,2,96,29,5
Framber Valdez,L,SD,2025-04-20,3,87,25,2
Framber Valdez,L,STL,2025-04-14,1,89,23,3
Framber Valdez,L,SEA,2025-04-09,1,94,22,8
Framber Valdez,L,SF,2025-04-02,4,88,23,9
Framber Valdez,L,NYM,2025-03-27,2,90,26,4
Zack Wheeler,R,ATL,2025-05-29,4,107,24,6
Zack Wheeler,R,ATH,2025-05-24,2,108,25,8
Zack Wheeler,R,PIT,2025-05-17,1,97,21,6
Zack Wheeler,R,CLE,2025-05-11,2,93,25,8
Zack Wheeler,R,TB,2025-05-06,0,84,24,9
Zack Wheeler,R,WSH,2025-04-29,1,106,27,7
Zack Wheeler,R,NYM,2025-04-23,2,107,25,9
Zack Wheeler,R,MIA,2025-04-18,0,96,26,13
Zack Wheeler,R,STL,2025-04-13,1,89,25,3
Zack Wheeler,R,ATL,2025-04-08,3,104,27,7
Zack Wheeler,R,COL,2025-04-02,0,105,24,10
Zack Wheeler,R,WSH,2025-03-27,2,97,20,8
Paul Skenes,R,ARI,2025-05-28,0,96,26,7
Paul Skenes,R,MIL,2025-05-23,2,101,24,8
Paul Skenes,R,PHI,2025-05-18,1,102,28,9
Paul Skenes,R,NYM,2025-05-12,3,92,25,6
Paul Skenes,R,STL,2025-05-06,4,102,25,6
Paul Skenes,R,CHC,2025-05-01,4,86,23,2
Paul Skenes,R,LAD,2025-04-26,0,108,24,9
Paul Skenes,R,CLE,2025-04-19,1,103,25,4
Paul Skenes,R,WSH,2025-04-14,0,99,23,6
Paul Skenes,R,STL,2025-04-08,1,98,26,7
Paul Skenes,R,TB,2025-04-02,0,102,24,6
Paul Skenes,R,MIA,2025-03-27,2,94,20,7
Garrett Crochet,L,ATL,2025-06-01,2,112,28,12
Garrett Crochet,L,MIL,2025-05-26,2,108,27,11
Garrett Crochet,L,NYM,2025-05-21,1,85,21,5
Garrett Crochet,L,ATL,2025-05-16,0,103,26,8
Garrett Crochet,L,KC,2025-05-10,1,106,29,9
Garrett Crochet,L,MIN,2025-05-04,2,89,21,6
Garrett Crochet,L,TOR,2025-04-29,3,94,27,6
Garrett Crochet,L,SEA,2025-04-24,5,110,25,9
Garrett Crochet,L,CHW,2025-04-19,2,96,24,7
Garrett Crochet,L,CHW,2025-04-13,1,96,24,11
Garrett Crochet,L,TOR,2025-04-08,4,107,27,5
Garrett Crochet,L,BAL,2025-04-02,1,102,27,8
Garrett Crochet,L,TEX,2025-03-27,2,88,21,4
Logan Webb,R,SD,2025-06-03,0,102,30,7
Logan Webb,R,DET,2025-05-27,1,104,26,10
Logan Webb,R,KC,2025-05-21,0,77,23,5
Logan Webb,R,ATH,2025-05-17,2,107,30,4
Logan Webb,R,MIN,2025-05-10,1,103,27,9
Logan Webb,R,COL,2025-05-04,2,96,28,6
Logan Webb,R,SD,2025-04-30,1,79,24,6
Logan Webb,R,MIL,2025-04-24,3,106,27,6
Logan Webb,R,LAA,2025-04-19,0,105,23,12
Logan Webb,R,NYY,2025-04-13,4,97,24,5
Logan Webb,R,CIN,2025-04-08,0,97,24,10
Logan Webb,R,HOU,2025-04-02,0,100,23,6
Logan Webb,R,CIN,2025-03-27,3,78,22,5
Carlos Rodon,L,LAA,2025-05-28,0,105,26,10
Carlos Rodon,L,TEX,2025-05-22,2,105,22,8
Carlos Rodon,L,NYM,2025-05-16,4,102,21,5
Carlos Rodon,L,ATH,2025-05-10,0,98,27,10
Carlos Rodon,L,SD,2025-05-05,1,95,24,5
Carlos Rodon,L,BAL,2025-04-29,1,91,21,7
Carlos Rodon,L,CLE,2025-04-23,2,90,27,8
Carlos Rodon,L,TB,2025-04-18,4,102,23,9
Carlos Rodon,L,SF,2025-04-13,3,100,23,8
Carlos Rodon,L,DET,2025-04-07,3,103,25,8
Carlos Rodon,L,ARI,2025-04-02,4,96,23,5
Carlos Rodon,L,MIL,2025-03-27,2,89,22,7
Luis Severino,R,MIN,2025-06-03,1,97,28,1
Luis Severino,R,HOU,2025-05-28,2,92,25,4
Luis Severino,R,LAA,2025-05-22,0,99,25,5
Luis Severino,R,SF,2025-05-18,1,96,23,5
Luis Severino,R,NYY,2025-05-11,2,97,24,2
Luis Severino,R,SEA,2025-05-06,4,102,26,5
Luis Severino,R,TEX,2025-05-01,1,93,24,4
Luis Severino,R,CHW,2025-04-26,2,85,25,7
Luis Severino,R,MIL,2025-04-19,0,92,27,1
Luis Severino,R,NYM,2025-04-13,3,103,24,6
Luis Severino,R,SD,2025-04-08,0,96,29,3
Luis Severino,R,CHC,2025-04-02,3,107,28,6
Luis Severino,R,SEA,2025-03-28,4,99,25,6
Jose Berrios,R,ATH,2025-05-29,2,90,21,9
Jose Berrios,R,TB,2025-05-24,1,95,22,3
Jose Berrios,R,DET,2025-05-18,1,83,27,4
Jose Berrios,R,TB,2025-05-13,3,83,25,4
Jose Berrios,R,LAA,2025-05-08,5,89,27,9
Jose Berrios,R,BOS,2025-05-01,1,88,27,8
Jose Berrios,R,NYY,2025-04-25,2,89,23,4
Jose Berrios,R,SEA,2025-04-19,4,82,26,3
Jose Berrios,R,BAL,2025-04-13,1,86,23,6
Jose Berrios,R,BOS,2025-04-07,3,88,26,2
Jose Berrios,R,WSH,2025-04-01,3,95,22,8
Jose Berrios,R,BAL,2025-03-27,2,90,24,5
Max Fried,L,LAD,2025-05-31,0,75,22,3
Max Fried,L,COL,2025-05-24,1,83,26,7
Max Fried,L,NYM,2025-05-18,2,102,23,8
Max Fried,L,SEA,2025-05-14,2,91,20,5
Max Fried,L,SD,2025-05-07,0,100,27,8
Max Fried,L,TB,2025-05-02,2,92,24,6
Max Fried,L,TOR,2025-04-27,2,101,25,3
Max Fried,L,TB,2025-04-20,2,102,27,2
Max Fried,L,KC,2025-04-15,2,94,27,7
Max Fried,L,DET,2025-04-09,0,97,26,11
Max Fried,L,PIT,2025-04-04,1,98,23,6
Max Fried,L,MIL,2025-03-29,2,94,29,4
Ryan Pepiot,R,HOU,2025-05-31,1,93,22,4
Ryan Pepiot,R,TOR,2025-05-25,1,91,24,5
Ryan Pepiot,R,HOU,2025-05-19,1,87,24,2
Ryan Pepiot,R,TOR,2025-05-14,1,92,25,7
Ryan Pepiot,R,PHI,2025-05-08,2,95,20,3
Ryan Pepiot,R,NYY,2025-05-02,2,88,20,1
Ryan Pepiot,R,SD,2025-04-27,2,75,20,3
Ryan Pepiot,R,NYY,2025-04-20,1,96,25,7
Ryan Pepiot,R,BOS,2025-04-15,2,102,29,8
Ryan Pepiot,R,LAA,2025-04-09,3,91,24,5
Ryan Pepiot,R,PIT,2025-04-02,3,88,23,3
Ryan Pepiot,R,COL,2025-03-28,1,85,26,8
Nathan Eovaldi,R,TOR,2025-05-28,1,39,9,2
Nathan Eovaldi,R,NYY,2025-05-22,1,105,25,6
Nathan Eovaldi,R,HOU,2025-05-17,3,93,22,5
Nathan Eovaldi,R,DET,2025-05-11,1,95,24,7
Nathan Eovaldi,R,BOS,2025-05-06,1,90,23,7
Nathan Eovaldi,R,ATH,2025-05-01,0,92,23,8
Nathan Eovaldi,R,SF,2025-04-26,1,99,22,7
Nathan Eovaldi,R,LAD,2025-04-19,0,90,23,7
Nathan Eovaldi,R,SEA,2025-04-13,0,89,22,3
Nathan Eovaldi,R,CHC,2025-04-07,2,87,22,4
Nathan Eovaldi,R,CIN,2025-04-01,0,99,30,8
Nathan Eovaldi,R,BOS,2025-03-27,0,87,21,9
Jose Soriano,R,CLE,2025-05-30,4,96,23,2
Jose Soriano,R,MIA,2025-05-25,3,97,23,1
Jose Soriano,R,ATH,2025-05-20,4,100,28,4
Jose Soriano,R,SD,2025-05-14,3,107,27,5
Jose Soriano,R,TOR,2025-05-09,4,90,26,6
Jose Soriano,R,DET,2025-05-03,1,94,23,5
Jose Soriano,R,MIN,2025-04-27,1,90,22,4
Jose Soriano,R,PIT,2025-04-23,4,84,21,2
Jose Soriano,R,TEX,2025-04-17,2,89,28,2
Jose Soriano,R,TB,2025-04-10,3,93,28,4
Jose Soriano,R,CLE,2025-04-05,3,90,23,9
Jose Soriano,R,CHW,2025-03-29,2,73,23,5
Tarik Skubal,L,KC,2025-05-31,0,90,22,7
Tarik Skubal,L,CLE,2025-05-25,0,94,29,13
Tarik Skubal,L,STL,2025-05-20,1,94,23,8
Tarik Skubal,L,BOS,2025-05-14,1,95,27,11
Tarik Skubal,L,TEX,2025-05-09,0,96,24,12
Tarik Skubal,L,LAA,2025-05-03,0,73,21,8
Tarik Skubal,L,BAL,2025-04-27,0,91,23,11
Tarik Skubal,L,KC,2025-04-20,1,91,22,4
Tarik Skubal,L,MIL,2025-04-14,0,91,25,9
Tarik Skubal,L,NYY,2025-04-08,0,87,22,6
Tarik Skubal,L,SEA,2025-04-02,3,93,25,8
Tarik Skubal,L,LAD,2025-03-27,1,80,22,2
Mackenzie Gore,L,SEA,2025-05-30,0,95,22,8
Mackenzie Gore,L,SF,2025-05-23,3,91,21,9
Mackenzie Gore,L,BAL,2025-05-16,2,102,23,9
Mackenzie Gore,L,STL,2025-05-11,3,101,26,7
Mackenzie Gore,L,CIN,2025-05-04,4,100,22,9
Mackenzie Gore,L,PHI,2025-04-29,0,96,23,6
Mackenzie Gore,L,BAL,2025-04-24,1,99,23,8
Mackenzie Gore,L,COL,2025-04-19,2,104,24,13
Mackenzie Gore,L,MIA,2025-04-13,3,105,28,7
Mackenzie Gore,L,LAD,2025-04-07,1,100,23,7
Mackenzie Gore,L,TOR,2025-04-02,2,95,26,5
Mackenzie Gore,L,PHI,2025-03-27,0,93,18,13
Kris Bubic,L,DET,2025-06-01,2,99,26,9
Kris Bubic,L,MIN,2025-05-25,2,91,24,9
Kris Bubic,L,SF,2025-05-20,3,91,25,5
Kris Bubic,L,HOU,2025-05-14,1,93,25,9
Kris Bubic,L,CHW,2025-05-08,1,93,25,7
Kris Bubic,L,BAL,2025-05-03,1,72,19,3
Kris Bubic,L,HOU,2025-04-27,3,93,23,4
Kris Bubic,L,COL,2025-04-22,0,91,24,6
Kris Bubic,L,NYY,2025-04-16,4,94,27,6
Kris Bubic,L,CLE,2025-04-11,2,92,27,5
Kris Bubic,L,BAL,2025-04-06,1,99,25,8
Kris Bubic,L,MIL,2025-03-31,2,95,24,8
Jake Irvin,R,ARI,2025-05-31,1,93,24,0
Jake Irvin,R,SF,2025-05-24,2,96,29,7
Jake Irvin,R,BAL,2025-05-17,1,98,26,6
Jake Irvin,R,ATL,2025-05-12,2,83,27,1
Jake Irvin,R,CLE,2025-05-06,3,95,23,0
Jake Irvin,R,PHI,2025-04-30,3,90,29,2
Jake Irvin,R,NYM,2025-04-25,1,98,27,4
Jake Irvin,R,COL,2025-04-20,0,83,23,9
Jake Irvin,R,PIT,2025-04-15,1,87,25,6
Jake Irvin,R,LAD,2025-04-09,3,103,25,7
Jake Irvin,R,ARI,2025-04-04,1,86,22,3
Jake Irvin,R,PHI,2025-03-29,2,83,22,2
Spencer Schwellenbach,R,BOS,2025-05-31,0,99,24,11
Spencer Schwellenbach,R,SD,2025-05-25,0,101,28,11
Spencer Schwellenbach,R,BOS,2025-05-18,1,81,27,3
Spencer Schwellenbach,R,WSH,2025-05-13,2,97,27,3
Spencer Schwellenbach,R,CIN,2025-05-08,2,93,23,6
Spencer Schwellenbach,R,LAD,2025-05-04,1,91,21,4
Spencer Schwellenbach,R,ARI,2025-04-27,1,88,26,6
Spencer Schwellenbach,R,STL,2025-04-21,0,92,30,5
Spencer Schwellenbach,R,TOR,2025-04-15,2,86,23,3
Spencer Schwellenbach,R,PHI,2025-04-10,2,81,25,5
Spencer Schwellenbach,R,MIA,2025-04-04,0,99,26,10
Spencer Schwellenbach,R,SD,2025-03-29,1,90,20,4
Chris Sale,L,PHI,2025-05-29,3,102,24,8
Chris Sale,L,SD,2025-05-23,1,95,25,6
Chris Sale,L,BOS,2025-05-16,2,99,25,8
Chris Sale,L,PIT,2025-05-11,2,99,27,8
Chris Sale,L,CIN,2025-05-06,2,112,28,10
Chris Sale,L,COL,2025-04-30,0,100,25,10
Chris Sale,L,ARI,2025-04-26,2,104,22,4
Chris Sale,L,MIN,2025-04-19,3,98,22,8
Chris Sale,L,TB,2025-04-13,3,98,22,7
Chris Sale,L,PHI,2025-04-08,0,86,23,5
Chris Sale,L,LAD,2025-04-02,0,87,21,5
Chris Sale,L,SD,2025-03-27,1,84,22,7
Hunter Brown,R,TB,2025-06-01,4,93,21,5
Hunter Brown,R,ATH,2025-05-28,0,88,21,8
Hunter Brown,R,TB,2025-05-21,2,91,24,4
Hunter Brown,R,TEX,2025-05-16,0,91,27,9
Hunter Brown,R,CIN,2025-05-10,4,101,23,9
Hunter Brown,R,CHW,2025-05-03,3,98,24,9
Hunter Brown,R,KC,2025-04-27,1,100,24,9
Hunter Brown,R,TOR,2025-04-22,1,96,23,9
Hunter Brown,R,STL,2025-04-15,2,97,22,4
Hunter Brown,R,SEA,2025-04-09,0,98,20,3
Hunter Brown,R,MIN,2025-04-03,0,91,22,8
Hunter Brown,R,NYM,2025-03-29,3,96,23,7
Jesus Luzardo,L,MIL,2025-05-31,3,76,23,4
Jesus Luzardo,L,ATH,2025-05-25,1,105,31,10
Jesus Luzardo,L,COL,2025-05-21,3,105,23,10
Jesus Luzardo,L,STL,2025-05-14,2,100,27,6
Jesus Luzardo,L,TB,2025-05-08,2,105,22,4
Jesus Luzardo,L,ARI,2025-05-02,1,95,25,6
Jesus Luzardo,L,CHC,2025-04-26,3,102,25,5
Jesus Luzardo,L,MIA,2025-04-20,0,88,29,7
Jesus Luzardo,L,SF,2025-04-15,2,90,22,4
Jesus Luzardo,L,ATL,2025-04-10,1,98,23,6
Jesus Luzardo,L,LAD,2025-04-04,2,95,24,8
Jesus Luzardo,L,WSH,2025-03-29,2,95,22,11
Zach Gallen,R,PIT,2025-05-28,3,92,25,3
Zach Gallen,R,STL,2025-05-24,4,100,24,4
Zach Gallen,R,COL,2025-05-18,2,90,25,5
Zach Gallen,R,LAD,2025-05-11,2,97,27,5
Zach Gallen,R,NYM,2025-05-07,3,101,25,6
Zach Gallen,R,NYM,2025-05-01,3,90,23,8
Zach Gallen,R,ATL,2025-04-26,2,103,21,6
Zach Gallen,R,CHC,2025-04-19,2,103,27,5
Zach Gallen,R,MIL,2025-04-13,3,89,26,5
Zach Gallen,R,BAL,2025-04-08,4,96,24,2
Zach Gallen,R,NYY,2025-04-02,0,101,24,13
Zach Gallen,R,CHC,2025-03-28,4,83,21,4
Chris Bassitt,R,ATH,2025-05-30,2,82,23,6
Chris Bassitt,R,TB,2025-05-25,2,82,22,2
Chris Bassitt,R,SD,2025-05-20,1,100,23,6
Chris Bassitt,R,TB,2025-05-14,2,96,25,6
Chris Bassitt,R,LAA,2025-05-09,1,101,29,6
Chris Bassitt,R,CLE,2025-05-02,0,98,23,4
Chris Bassitt,R,NYY,2025-04-27,1,92,25,5
Chris Bassitt,R,HOU,2025-04-23,1,96,26,3
Chris Bassitt,R,ATL,2025-04-16,2,90,20,10
Chris Bassitt,R,BOS,2025-04-10,1,86,22,5
Chris Bassitt,R,NYM,2025-04-05,0,92,24,9
Chris Bassitt,R,BAL,2025-03-30,2,106,27,7
Kevin Gausman,R,ATH,2025-06-01,2,96,24,7
Kevin Gausman,R,TEX,2025-05-26,0,96,29,6
Kevin Gausman,R,SD,2025-05-21,0,92,24,9
Kevin Gausman,R,TB,2025-05-15,0,101,26,6
Kevin Gausman,R,SEA,2025-05-10,0,99,23,3
Kevin Gausman,R,CLE,2025-05-03,1,94,20,9
Kevin Gausman,R,NYY,2025-04-27,5,71,16,2
Kevin Gausman,R,HOU,2025-04-22,3,96,25,6
Kevin Gausman,R,ATL,2025-04-15,0,98,23,6
Kevin Gausman,R,BOS,2025-04-09,0,93,27,10
Kevin Gausman,R,NYM,2025-04-04,2,87,19,0
Kevin Gausman,R,BAL,2025-03-28,1,97,22,4
Tyler Mahle,R,TOR,2025-05-29,3,92,24,5
Tyler Mahle,R,CHW,2025-05-23,3,96,22,3
Tyler Mahle,R,HOU,2025-05-17,2,96,24,3
Tyler Mahle,R,COL,2025-05-13,1,88,23,5
Tyler Mahle,R,BOS,2025-05-07,1,88,20,0
Tyler Mahle,R,ATH,2025-05-01,1,90,24,6
Tyler Mahle,R,SF,2025-04-26,1,87,21,1
Tyler Mahle,R,LAD,2025-04-20,3,91,26,4
Tyler Mahle,R,LAA,2025-04-16,2,93,22,9
Tyler Mahle,R,CHC,2025-04-09,1,94,24,4
Tyler Mahle,R,TB,2025-04-05,2,83,18,5
Tyler Mahle,R,BOS,2025-03-29,4,61,11,3
Zack Littell,R,HOU,2025-05-31,1,117,37,6
Zack Littell,R,MIN,2025-05-26,0,72,21,4
Zack Littell,R,HOU,2025-05-20,0,103,23,6
Zack Littell,R,TOR,2025-05-15,1,87,28,2
Zack Littell,R,MIL,2025-05-09,1,90,25,5
Zack Littell,R,NYY,2025-05-03,0,81,24,3
Zack Littell,R,SD,2025-04-27,1,73,20,1
Zack Littell,R,ARI,2025-04-23,1,99,24,2
Zack Littell,R,BOS,2025-04-16,3,90,25,5
Zack Littell,R,LAA,2025-04-10,1,78,21,4
Zack Littell,R,TEX,2025-04-05,2,82,27,3
Zack Littell,R,COL,2025-03-29,0,87,22,7
Freddy Peralta,R,BOS,2025-05-28,3,108,24,6
Freddy Peralta,R,PIT,2025-05-23,3,101,21,3
Freddy Peralta,R,MIN,2025-05-18,2,90,23,5
Freddy Peralta,R,CLE,2025-05-12,3,95,23,4
Freddy Peralta,R,CHC,2025-05-04,1,89,21,7
Freddy Peralta,R,CHW,2025-04-29,3,93,24,5
Freddy Peralta,R,SF,2025-04-24,2,95,22,3
Freddy Peralta,R,ATH,2025-04-19,1,93,22,5
Freddy Peralta,R,ARI,2025-04-13,4,104,25,6
Freddy Peralta,R,COL,2025-04-09,3,83,21,6
Freddy Peralta,R,KC,2025-04-02,0,97,26,8
Freddy Peralta,R,NYY,2025-03-27,1,93,20,8
Nick Martinez,R,CHC,2025-06-01,2,94,23,2
Nick Martinez,R,KC,2025-05-26,0,79,26,2
Nick Martinez,R,PIT,2025-05-20,2,91,22,3
Nick Martinez,R,CHW,2025-05-15,0,96,23,3
Nick Martinez,R,HOU,2025-05-10,0,84,26,5
Nick Martinez,R,WSH,2025-05-04,0,86,22,6
Nick Martinez,R,STL,2025-04-28,2,76,22,3
Nick Martinez,R,MIA,2025-04-22,2,79,22,4
Nick Martinez,R,SEA,2025-04-16,3,83,24,4
Nick Martinez,R,SF,2025-04-09,1,93,25,8
Nick Martinez,R,MIL,2025-04-05,2,92,21,2
Nick Martinez,R,SF,2025-03-30,1,83,23,5
Yusei Kikuchi,L,NYY,2025-05-29,5,93,23,4
Yusei Kikuchi,L,MIA,2025-05-24,4,110,26,4
Yusei Kikuchi,L,LAD,2025-05-18,4,98,24,7
Yusei Kikuchi,L,SD,2025-05-13,2,98,26,4
Yusei Kikuchi,L,TOR,2025-05-08,1,91,23,6
Yusei Kikuchi,L,DET,2025-05-02,1,93,22,5
Yusei Kikuchi,L,MIN,2025-04-26,4,66,19,0
Yusei Kikuchi,L,SF,2025-04-20,4,102,25,6
Yusei Kikuchi,L,TEX,2025-04-16,2,79,22,6
Yusei Kikuchi,L,TB,2025-04-09,3,104,25,5
Yusei Kikuchi,L,STL,2025-04-02,5,104,26,6
Yusei Kikuchi,L,CHW,2025-03-27,0,87,23,5
Grant Holmes,R,BOS,2025-05-30,1,97,24,9
Grant Holmes,R,SD,2025-05-24,1,94,29,6
Grant Holmes,R,BOS,2025-05-17,4,99,26,5
Grant Holmes,R,WSH,2025-05-12,1,79,23,4
Grant Holmes,R,CIN,2025-05-07,1,88,23,5
Grant Holmes,R,LAD,2025-05-02,2,94,23,9
Grant Holmes,R,ARI,2025-04-27,3,93,24,4
Grant Holmes,R,MIN,2025-04-20,4,105,26,7
Grant Holmes,R,TOR,2025-04-14,2,94,26,4
Grant Holmes,R,PHI,2025-04-09,4,104,19,6
Grant Holmes,R,LAD,2025-04-01,4,89,19,3
Grant Holmes,R,SD,2025-03-27,0,9,3,2
Matthew Liberatore,L,TEX,2025-05-31,1,91,23,5
Matthew Liberatore,L,ARI,2025-05-24,0,88,27,4
Matthew Liberatore,L,KC,2025-05-18,1,92,26,5
Matthew Liberatore,L,PHI,2025-05-12,1,80,24,4
Matthew Liberatore,L,PIT,2025-05-06,3,99,27,8
Matthew Liberatore,L,CIN,2025-05-01,1,42,12,2
Matthew Liberatore,L,MIL,2025-04-26,0,89,23,4
Matthew Liberatore,L,NYM,2025-04-19,1,100,27,6
Matthew Liberatore,L,PHI,2025-04-13,1,88,22,7
Matthew Liberatore,L,PIT,2025-04-07,0,89,27,7
Matthew Liberatore,L,LAA,2025-04-01,0,77,22,4
Merrill Kelly,R,WSH,2025-05-31,2,95,24,6
Merrill Kelly,R,STL,2025-05-24,1,100,25,6
Merrill Kelly,R,COL,2025-05-18,3,109,24,11
Merrill Kelly,R,SF,2025-05-13,0,103,27,8
Merrill Kelly,R,NYM,2025-05-07,0,98,26,6
Merrill Kelly,R,PHI,2025-05-02,0,60,18,2
Merrill Kelly,R,ATL,2025-04-27,1,93,23,4
Merrill Kelly,R,CHC,2025-04-20,1,81,20,5
Merrill Kelly,R,MIA,2025-04-15,1,88,22,9
Merrill Kelly,R,BAL,2025-04-09,2,89,24,4
Merrill Kelly,R,NYY,2025-04-03,3,80,23,2
Merrill Kelly,R,CHC,2025-03-29,4,85,23,1
Mitch Keller,R,SD,2025-05-31,2,78,23,1
Mitch Keller,R,MIL,2025-05-24,0,92,23,7
Mitch Keller,R,CIN,2025-05-19,1,91,24,5
Mitch Keller,R,NYM,2025-05-13,1,96,27,8
Mitch Keller,R,STL,2025-05-07,3,94,26,6
Mitch Keller,R,SD,2025-05-02,1,88,24,3
Mitch Keller,R,LAD,2025-04-27,1,89,25,6
Mitch Keller,R,CLE,2025-04-20,2,101,22,3
Mitch Keller,R,WSH,2025-04-15,2,105,27,3
Mitch Keller,R,STL,2025-04-09,1,96,27,6
Mitch Keller,R,NYY,2025-04-04,4,97,25,4
Mitch Keller,R,MIA,2025-03-28,1,86,23,4
Tomoyuki Sugano,R,STL,2025-05-27,0,91,24,3
Tomoyuki Sugano,R,MIL,2025-05-21,1,88,24,3
Tomoyuki Sugano,R,MIN,2025-05-15,1,103,25,3
Tomoyuki Sugano,R,LAA,2025-05-10,0,93,25,5
Tomoyuki Sugano,R,KC,2025-05-03,2,79,23,4
Tomoyuki Sugano,R,NYY,2025-04-28,1,95,22,8
Tomoyuki Sugano,R,WSH,2025-04-23,0,94,26,1
Tomoyuki Sugano,R,CLE,2025-04-17,0,87,25,3
Tomoyuki Sugano,R,TOR,2025-04-12,2,73,21,0
Tomoyuki Sugano,R,KC,2025-04-05,1,89,23,4
Tomoyuki Sugano,R,TOR,2025-03-30,2,73,18,1
David Peterson,L,COL,2025-05-30,1,94,24,5
David Peterson,L,LAD,2025-05-24,2,99,28,7
David Peterson,L,NYY,2025-05-18,4,101,26,4
David Peterson,L,PIT,2025-05-12,3,100,26,7
David Peterson,L,ARI,2025-05-07,4,104,28,6
David Peterson,L,ARI,2025-04-29,0,85,20,2
David Peterson,L,PHI,2025-04-23,1,89,25,2
David Peterson,L,STL,2025-04-18,0,99,23,9
David Peterson,L,ATH,2025-04-12,0,89,24,5
David Peterson,L,TOR,2025-04-06,5,91,22,3
David Peterson,L,MIA,2025-03-31,3,89,25,9
Nick Lodolo,L,CHC,2025-05-31,2,94,22,5
Nick Lodolo,L,CHC,2025-05-25,2,91,23,6
Nick Lodolo,L,PIT,2025-05-19,1,89,24,7
Nick Lodolo,L,CHW,2025-05-14,2,98,24,4
Nick Lodolo,L,ATL,2025-05-08,0,93,23,7
Nick Lodolo,L,WSH,2025-05-03,2,98,31,4
Nick Lodolo,L,COL,2025-04-27,1,91,25,9
Nick Lodolo,L,MIA,2025-04-21,2,99,26,4
Nick Lodolo,L,SEA,2025-04-15,1,90,21,6
Nick Lodolo,L,SF,2025-04-09,1,87,23,3
Nick Lodolo,L,MIL,2025-04-03,0,82,25,4
Nick Lodolo,L,SF,2025-03-29,0,86,23,1
Taj Bradley,R,HOU,2025-06-01,2,104,27,10
Taj Bradley,R,MIN,2025-05-27,1,91,28,6
Taj Bradley,R,HOU,2025-05-21,2,84,23,7
Taj Bradley,R,MIA,2025-05-16,3,82,22,6
Taj Bradley,R,MIL,2025-05-10,1,84,22,5
Taj Bradley,R,NYY,2025-05-04,3,88,22,1
Taj Bradley,R,KC,2025-04-29,3,101,27,2
Taj Bradley,R,ARI,2025-04-24,2,103,25,3
Taj Bradley,R,NYY,2025-04-17,4,90,27,3
Taj Bradley,R,ATL,2025-04-11,2,93,24,7
Taj Bradley,R,TEX,2025-04-05,4,82,21,7
Taj Bradley,R,COL,2025-03-30,0,78,23,7
Robbie Ray,L,MIA,2025-05-31,3,98,25,9
Robbie Ray,L,WSH,2025-05-25,0,90,21,7
Robbie Ray,L,KC,2025-05-20,1,94,26,7
Robbie Ray,L,ARI,2025-05-14,3,108,28,9
Robbie Ray,L,CHC,2025-05-07,2,98,23,5
Robbie Ray,L,COL,2025-05-03,2,86,24,8
Robbie Ray,L,TEX,2025-04-26,1,97,27,8
Robbie Ray,L,MIL,2025-04-22,3,92,22,4
Robbie Ray,L,PHI,2025-04-16,5,93,23,8
Robbie Ray,L,NYY,2025-04-11,4,98,18,7
Robbie Ray,L,SEA,2025-04-06,5,88,24,2
Robbie Ray,L,CIN,2025-03-30,1,78,20,4
Jacob DeGrom,R,STL,2025-06-01,3,81,23,4
Jacob DeGrom,R,TOR,2025-05-26,2,81,23,0
Jacob DeGrom,R,NYY,2025-05-21,1,103,25,9
Jacob DeGrom,R,HOU,2025-05-16,1,96,30,7
Jacob DeGrom,R,DET,2025-05-10,1,90,20,10
Jacob DeGrom,R,SEA,2025-05-04,2,89,20,3
Jacob DeGrom,R,ATH,2025-04-30,0,65,20,7
Jacob DeGrom,R,ATH,2025-04-25,0,83,22,6
Jacob DeGrom,R,LAD,2025-04-19,1,96,24,7
Jacob DeGrom,R,SEA,2025-04-12,4,87,19,4
Jacob DeGrom,R,TB,2025-04-05,0,82,24,3
Jacob DeGrom,R,BOS,2025-03-30,2,73,20,6
Jameson Taillon,R,CIN,2025-06-01,1,97,23,2
Jameson Taillon,R,COL,2025-05-26,0,82,23,7
Jameson Taillon,R,MIA,2025-05-20,3,87,27,2
Jameson Taillon,R,MIA,2025-05-14,0,84,22,7
Jameson Taillon,R,NYM,2025-05-09,1,100,22,4
Jameson Taillon,R,MIL,2025-05-03,1,88,22,5
Jameson Taillon,R,PHI,2025-04-27,0,88,25,2
Jameson Taillon,R,ARI,2025-04-20,2,87,20,6
Jameson Taillon,R,SD,2025-04-15,1,89,21,4
Jameson Taillon,R,TEX,2025-04-08,1,85,24,6
Jameson Taillon,R,ATH,2025-04-02,3,94,25,7
Jameson Taillon,R,ARI,2025-03-29,0,80,22,1
Joe Ryan,R,ATH,2025-06-03,3,97,26,4
Joe Ryan,R,TB,2025-05-27,1,85,23,5
Joe Ryan,R,CLE,2025-05-19,2,89,19,4
Joe Ryan,R,MIL,2025-05-17,1,99,22,9
Joe Ryan,R,SF,2025-05-10,0,76,20,7
Joe Ryan,R,BOS,2025-05-02,1,92,24,8
Joe Ryan,R,LAA,2025-04-27,1,98,25,11
Joe Ryan,R,ATL,2025-04-20,1,93,25,5
Joe Ryan,R,NYM,2025-04-14,2,101,20,8
Joe Ryan,R,KC,2025-04-09,0,85,22,4
Joe Ryan,R,HOU,2025-04-03,0,83,21,6
Joe Ryan,R,STL,2025-03-29,0,81,21,5
Tanner Bibee,R,LAD,2025-05-27,3,95,23,7
Tanner Bibee,R,DET,2025-05-22,1,96,25,8
Tanner Bibee,R,CIN,2025-05-16,1,105,28,4
Tanner Bibee,R,PHI,2025-05-10,0,96,26,3
Tanner Bibee,R,TOR,2025-05-04,2,86,23,3
Tanner Bibee,R,MIN,2025-04-29,0,92,25,5
Tanner Bibee,R,NYY,2025-04-22,3,106,24,5
Tanner Bibee,R,BAL,2025-04-17,4,99,24,5
Tanner Bibee,R,KC,2025-04-11,4,96,20,4
Tanner Bibee,R,LAA,2025-04-06,1,89,23,4
Tanner Bibee,R,KC,2025-03-30,2,84,20,2
Davis Martin,R,BAL,2025-05-31,1,82,23,3
Davis Martin,R,TEX,2025-05-25,3,100,24,2
Davis Martin,R,SEA,2025-05-19,1,92,27,3
Davis Martin,R,CIN,2025-05-14,0,95,26,5
Davis Martin,R,KC,2025-05-08,1,86,21,2
Davis Martin,R,HOU,2025-05-03,0,88,22,5
Davis Martin,R,ATH,2025-04-27,2,73,20,5
Davis Martin,R,MIN,2025-04-22,3,88,22,3
Davis Martin,R,ATH,2025-04-17,1,90,25,3
Davis Martin,R,BOS,2025-04-11,1,89,25,6
Davis Martin,R,DET,2025-04-05,2,88,26,2
Davis Martin,R,LAA,2025-03-30,2,91,23,2
Michael Lorenzen,R,CIN,2025-05-26,3,102,29,2
Michael Lorenzen,R,SF,2025-05-21,1,97,23,5
Michael Lorenzen,R,HOU,2025-05-15,1,84,27,5
Michael Lorenzen,R,BOS,2025-05-09,0,90,25,7
Michael Lorenzen,R,BAL,2025-05-04,1,85,22,5
Michael Lorenzen,R,TB,2025-04-29,2,88,24,4
Michael Lorenzen,R,COL,2025-04-24,4,96,26,7
Michael Lorenzen,R,DET,2025-04-17,3,102,24,3
Michael Lorenzen,R,CLE,2025-04-12,1,85,25,4
Michael Lorenzen,R,MIN,2025-04-07,0,89,23,3
Michael Lorenzen,R,MIL,2025-04-01,3,97,24,7
Erick Fedde,R,TEX,2025-06-01,3,93,24,5
Erick Fedde,R,BAL,2025-05-26,1,91,24,5
Erick Fedde,R,DET,2025-05-20,0,63,20,2
Erick Fedde,R,PHI,2025-05-14,4,93,23,3
Erick Fedde,R,WSH,2025-05-09,0,109,31,8
Erick Fedde,R,NYM,2025-05-04,5,101,26,4
Erick Fedde,R,MIL,2025-04-27,2,103,29,4
Erick Fedde,R,ATL,2025-04-21,3,84,24,3
Erick Fedde,R,HOU,2025-04-15,3,96,26,5
Erick Fedde,R,PIT,2025-04-09,4,88,20,2
Erick Fedde,R,BOS,2025-04-04,4,65,17,1
Erick Fedde,R,MIN,2025-03-29,0,73,20,2
Luis Castillo,R,MIN,2025-06-01,2,97,23,5
Luis Castillo,R,HOU,2025-05-25,1,114,27,6
Luis Castillo,R,CHW,2025-05-19,0,94,24,5
Luis Castillo,R,NYY,2025-05-14,2,93,25,6
Luis Castillo,R,TOR,2025-05-10,2,94,24,3
Luis Castillo,R,TEX,2025-05-03,2,88,23,2
Luis Castillo,R,MIA,2025-04-27,2,90,21,5
Luis Castillo,R,TOR,2025-04-20,2,102,27,5
Luis Castillo,R,CIN,2025-04-15,4,95,24,3
Luis Castillo,R,HOU,2025-04-09,2,102,21,6
Luis Castillo,R,DET,2025-04-02,2,92,28,5
Luis Castillo,R,ATH,2025-03-29,2,83,21,4
Nick Pivetta,R,PIT,2025-05-31,0,81,23,8
Nick Pivetta,R,ATL,2025-05-23,3,102,25,7
Nick Pivetta,R,SEA,2025-05-18,1,87,21,7
Nick Pivetta,R,COL,2025-05-11,2,81,22,5
Nick Pivetta,R,NYY,2025-05-05,4,91,22,5
Nick Pivetta,R,SF,2025-04-30,1,89,22,9
Nick Pivetta,R,DET,2025-04-22,2,91,25,6
Nick Pivetta,R,CHC,2025-04-16,1,91,21,6
Nick Pivetta,R,COL,2025-04-12,1,88,25,10
Nick Pivetta,R,CHC,2025-04-05,3,76,19,4
Nick Pivetta,R,ATL,2025-03-30,0,82,21,4
Brandon Pfaadt,R,WSH,2025-06-01,0,31,8,0
Brandon Pfaadt,R,STL,2025-05-25,1,91,23,5
Brandon Pfaadt,R,LAD,2025-05-20,1,95,22,0
Brandon Pfaadt,R,SF,2025-05-14,3,95,21,3
Brandon Pfaadt,R,LAD,2025-05-09,3,99,26,6
Brandon Pfaadt,R,PHI,2025-05-03,1,93,27,6
Brandon Pfaadt,R,ATL,2025-04-27,1,100,27,6
Brandon Pfaadt,R,TB,2025-04-23,0,93,22,5
Brandon Pfaadt,R,MIA,2025-04-16,2,92,24,6
Brandon Pfaadt,R,BAL,2025-04-09,2,93,21,3
Brandon Pfaadt,R,WSH,2025-04-04,0,91,23,4
Brandon Pfaadt,R,CHC,2025-03-30,1,78,25,5
Sonny Gray,R,TEX,2025-05-31,1,91,25,10
Sonny Gray,R,ARI,2025-05-25,0,89,27,5
Sonny Gray,R,DET,2025-05-19,1,90,21,10
Sonny Gray,R,PHI,2025-05-14,1,77,20,4
Sonny Gray,R,PIT,2025-05-07,1,89,25,8
Sonny Gray,R,NYM,2025-05-03,3,96,23,6
Sonny Gray,R,MIL,2025-04-26,3,91,27,4
Sonny Gray,R,NYM,2025-04-20,1,102,26,6
Sonny Gray,R,HOU,2025-04-14,1,92,23,4
Sonny Gray,R,PIT,2025-04-08,0,71,17,4
Sonny Gray,R,LAA,2025-04-02,0,88,25,9
Sonny Gray,R,MIN,2025-03-27,2,77,20,6
Michael Wacha,R,DET,2025-05-31,1,99,23,6
Michael Wacha,R,MIN,2025-05-24,1,62,23,1
Michael Wacha,R,STL,2025-05-18,0,83,23,6
Michael Wacha,R,HOU,2025-05-13,2,88,28,3
Michael Wacha,R,CHW,2025-05-07,1,84,25,5
Michael Wacha,R,BAL,2025-05-02,1,83,25,3
Michael Wacha,R,HOU,2025-04-26,2,92,24,6
Michael Wacha,R,DET,2025-04-20,0,89,24,5
Michael Wacha,R,NYY,2025-04-15,2,80,24,4
Michael Wacha,R,MIN,2025-04-10,3,88,22,4
Michael Wacha,R,BAL,2025-04-05,1,93,23,5
Michael Wacha,R,CLE,2025-03-30,4,87,18,2
Andre Pallante,R,BAL,2025-05-27,3,96,27,7
Andre Pallante,R,DET,2025-05-21,4,90,24,3
Andre Pallante,R,KC,2025-05-16,0,100,28,4
Andre Pallante,R,WSH,2025-05-10,0,91,27,7
Andre Pallante,R,NYM,2025-05-04,4,72,21,1
Andre Pallante,R,CIN,2025-04-28,2,90,25,4
Andre Pallante,R,ATL,2025-04-22,3,83,23,1
Andre Pallante,R,NYM,2025-04-17,0,95,23,2
Andre Pallante,R,PHI,2025-04-12,2,93,25,4
Andre Pallante,R,BOS,2025-04-06,3,92,20,6
Andre Pallante,R,MIN,2025-03-30,2,78,21,3
Kyle Freeland,L,NYM,2025-05-30,0,90,24,4
Kyle Freeland,L,NYY,2025-05-24,3,85,25,3
Kyle Freeland,L,PHI,2025-05-20,2,94,24,6
Kyle Freeland,L,TEX,2025-05-14,1,84,25,5
Kyle Freeland,L,DET,2025-05-08,1,65,21,2
Kyle Freeland,L,SF,2025-05-02,2,91,26,5
Kyle Freeland,L,CIN,2025-04-26,1,89,25,4
Kyle Freeland,L,WSH,2025-04-20,1,36,10,2
Kyle Freeland,L,SD,2025-04-13,2,84,24,2
Kyle Freeland,L,MIL,2025-04-09,0,100,27,5
Kyle Freeland,L,PHI,2025-04-02,0,90,29,3
Kyle Freeland,L,TB,2025-03-28,0,67,20,7
Matthew Boyd,L,COL,2025-05-29,0,95,21,8
Matthew Boyd,L,CIN,2025-05-23,2,93,22,3
Matthew Boyd,L,CHW,2025-05-17,0,92,22,8
Matthew Boyd,L,NYM,2025-05-11,0,92,24,8
Matthew Boyd,L,SF,2025-05-05,0,94,23,7
Matthew Boyd,L,PIT,2025-04-30,3,83,22,6
Matthew Boyd,L,LAD,2025-04-23,1,92,28,4
Matthew Boyd,L,SD,2025-04-16,2,97,24,3
Matthew Boyd,L,LAD,2025-04-12,3,98,26,7
Matthew Boyd,L,SD,2025-04-05,1,85,23,5
Matthew Boyd,L,ARI,2025-03-30,3,92,22,5
Tyler Anderson,L,BOS,2025-06-02,2,93,22,5
Tyler Anderson,L,NYY,2025-05-28,1,97,25,3
Tyler Anderson,L,ATH,2025-05-22,6,99,26,0
Tyler Anderson,L,LAD,2025-05-18,0,104,23,4
Tyler Anderson,L,BAL,2025-05-11,2,94,22,5
Tyler Anderson,L,TOR,2025-05-07,1,93,27,7
Tyler Anderson,L,SEA,2025-04-30,2,96,25,5
Tyler Anderson,L,PIT,2025-04-25,0,89,24,1
Tyler Anderson,L,SF,2025-04-19,2,96,23,6
Tyler Anderson,L,HOU,2025-04-12,4,95,22,6
Tyler Anderson,L,CLE,2025-04-06,4,81,21,5
Tyler Anderson,L,STL,2025-03-31,2,91,22,4
Jeffrey Springs,L,TOR,2025-05-30,6,72,18,2
Jeffrey Springs,L,PHI,2025-05-25,2,105,25,6
Jeffrey Springs,L,SF,2025-05-18,0,84,22,5
Jeffrey Springs,L,LAD,2025-05-14,2,102,28,4
Jeffrey Springs,L,SEA,2025-05-07,2,98,22,4
Jeffrey Springs,L,TEX,2025-05-01,1,68,21,1
Jeffrey Springs,L,CHW,2025-04-26,2,100,28,4
Jeffrey Springs,L,MIL,2025-04-20,4,68,15,3
Jeffrey Springs,L,CHW,2025-04-15,3,93,21,4
Jeffrey Springs,L,SD,2025-04-09,2,103,28,4
Jeffrey Springs,L,CHC,2025-04-02,4,82,19,3
Jeffrey Springs,L,SEA,2025-03-29,1,83,21,9
Dean Kremer,R,CHW,2025-05-31,2,102,26,7
Dean Kremer,R,BOS,2025-05-25,1,95,23,4
Dean Kremer,R,MIL,2025-05-19,2,97,26,6
Dean Kremer,R,MIN,2025-05-14,2,95,26,4
Dean Kremer,R,MIN,2025-05-08,2,86,25,8
Dean Kremer,R,KC,2025-05-02,1,82,25,2
Dean Kremer,R,DET,2025-04-27,4,97,24,3
Dean Kremer,R,WSH,2025-04-22,0,101,26,4
Dean Kremer,R,CLE,2025-04-16,1,96,21,2
Dean Kremer,R,ARI,2025-04-09,1,85,24,4
Dean Kremer,R,KC,2025-04-04,0,88,22,1
Dean Kremer,R,TOR,2025-03-29,2,81,23,6
Andrew Heaney,L,SD,2025-06-01,0,87,22,3
Andrew Heaney,L,ARI,2025-05-27,3,74,25,2
Andrew Heaney,L,CIN,2025-05-21,2,97,20,4
Andrew Heaney,L,PHI,2025-05-16,3,94,22,2
Andrew Heaney,L,ATL,2025-05-10,3,82,25,2
Andrew Heaney,L,SD,2025-05-04,4,100,23,3
Andrew Heaney,L,CHC,2025-04-29,3,70,21,0
Andrew Heaney,L,LAA,2025-04-24,0,95,20,9
Andrew Heaney,L,WSH,2025-04-17,2,95,28,4
Andrew Heaney,L,CIN,2025-04-12,2,89,23,6
Andrew Heaney,L,NYY,2025-04-06,1,100,27,10
Andrew Heaney,L,MIA,2025-03-30,1,79,20,2
Jonathan Cannon,R,DET,2025-06-02,3,85,16,5
Jonathan Cannon,R,NYM,2025-05-27,1,94,28,4
Jonathan Cannon,R,CHC,2025-05-18,0,88,20,3
Jonathan Cannon,R,CIN,2025-05-13,0,96,22,6
Jonathan Cannon,R,KC,2025-05-07,0,90,26,1
Jonathan Cannon,R,HOU,2025-05-02,0,92,27,5
Jonathan Cannon,R,ATH,2025-04-26,2,95,31,5
Jonathan Cannon,R,BOS,2025-04-21,4,90,27,4
Jonathan Cannon,R,ATH,2025-04-16,2,88,18,4
Jonathan Cannon,R,CLE,2025-04-10,3,102,27,6
Jonathan Cannon,R,DET,2025-04-04,3,88,19,3
Jonathan Cannon,R,LAA,2025-03-29,3,85,20,5
Clay Holmes,R,COL,2025-06-01,0,85,24,3
Clay Holmes,R,CHW,2025-05-26,3,102,24,3
Clay Holmes,R,BOS,2025-05-20,3,90,25,5
Clay Holmes,R,PIT,2025-05-14,1,90,25,4
Clay Holmes,R,CHC,2025-05-09,3,93,22,5
Clay Holmes,R,STL,2025-05-03,0,92,25,3
Clay Holmes,R,WSH,2025-04-26,0,70,18,2
Clay Holmes,R,STL,2025-04-20,2,91,24,6
Clay Holmes,R,MIN,2025-04-14,2,90,20,8
Clay Holmes,R,MIA,2025-04-08,3,87,23,10
Clay Holmes,R,MIA,2025-04-02,2,85,23,6
Clay Holmes,R,HOU,2025-03-27,4,89,23,4
Shane Baz,R,HOU,2025-05-30,0,86,24,3
Shane Baz,R,TOR,2025-05-24,3,82,23,4
Shane Baz,R,MIA,2025-05-18,3,96,28,2
Shane Baz,R,TOR,2025-05-13,2,86,19,6
Shane Baz,R,PHI,2025-05-07,2,83,21,3
Shane Baz,R,KC,2025-05-01,3,93,28,1
Shane Baz,R,SD,2025-04-26,1,97,25,6
Shane Baz,R,NYY,2025-04-19,4,83,18,3
Shane Baz,R,BOS,2025-04-14,0,98,20,11
Shane Baz,R,LAA,2025-04-08,4,96,28,6
Shane Baz,R,PIT,2025-04-01,0,96,23,10
Jack Kochanowicz,R,CLE,2025-06-01,3,84,19,4
Jack Kochanowicz,R,NYY,2025-05-27,2,92,28,5
Jack Kochanowicz,R,ATH,2025-05-22,5,99,25,6
Jack Kochanowicz,R,LAD,2025-05-17,4,104,25,5
Jack Kochanowicz,R,BAL,2025-05-11,4,95,23,4
Jack Kochanowicz,R,DET,2025-05-04,2,77,23,1
Jack Kochanowicz,R,SEA,2025-04-30,4,91,26,6
Jack Kochanowicz,R,PIT,2025-04-24,1,81,25,3
Jack Kochanowicz,R,TEX,2025-04-18,1,72,23,1
Jack Kochanowicz,R,HOU,2025-04-12,3,86,23,1
Jack Kochanowicz,R,CLE,2025-04-06,3,79,22,4
Jack Kochanowicz,R,CHW,2025-03-30,0,64,21,4
Seth Lugo,R,DET,2025-05-31,2,69,17,3
Seth Lugo,R,BOS,2025-05-11,0,96,22,5
Seth Lugo,R,CHW,2025-05-06,3,98,29,3
Seth Lugo,R,TB,2025-05-01,0,93,23,5
Seth Lugo,R,HOU,2025-04-25,1,94,27,8
Seth Lugo,R,DET,2025-04-19,2,105,27,5
Seth Lugo,R,NYY,2025-04-14,2,98,28,4
Seth Lugo,R,MIN,2025-04-09,3,109,23,6
Seth Lugo,R,BAL,2025-04-04,1,85,23,2
Seth Lugo,R,CLE,2025-03-29,3,86,20,4
Mitchell Parker,L,ARI,2025-06-01,2,66,20,2
Mitchell Parker,L,SEA,2025-05-28,1,85,21,4
Mitchell Parker,L,ATL,2025-05-20,1,81,22,4
Mitchell Parker,L,ATL,2025-05-14,2,80,20,6
Mitchell Parker,L,STL,2025-05-09,2,96,21,5
Mitchell Parker,L,CIN,2025-05-02,4,83,21,1
Mitchell Parker,L,NYM,2025-04-27,5,96,26,0
Mitchell Parker,L,BAL,2025-04-22,2,99,27,4
Mitchell Parker,L,PIT,2025-04-16,1,89,24,6
Mitchell Parker,L,MIA,2025-04-11,2,96,27,3
Mitchell Parker,L,ARI,2025-04-05,4,82,23,2
Mitchell Parker,L,PHI,2025-03-30,2,93,27,5
Sean Burke,R,BAL,2025-05-30,1,90,23,6
Sean Burke,R,TEX,2025-05-23,3,89,23,6
Sean Burke,R,CHC,2025-05-17,5,97,27,4
Sean Burke,R,MIA,2025-05-11,5,91,19,2
Sean Burke,R,KC,2025-05-06,3,78,25,2
Sean Burke,R,MIL,2025-05-01,3,94,22,5
Sean Burke,R,ATH,2025-04-26,2,86,23,5
Sean Burke,R,BOS,2025-04-20,3,94,25,5
Sean Burke,R,ATH,2025-04-15,2,69,18,2
Sean Burke,R,CLE,2025-04-09,4,79,16,4
Sean Burke,R,MIN,2025-04-02,0,77,21,1
Sean Burke,R,LAA,2025-03-27,0,73,22,3
Corbin Burnes,R,WSH,2025-06-01,1,70,19,6
Corbin Burnes,R,PIT,2025-05-28,2,103,30,6
Corbin Burnes,R,LAD,2025-05-22,1,96,26,8
Corbin Burnes,R,COL,2025-05-17,3,93,23,10
Corbin Burnes,R,LAD,2025-05-11,2,91,27,5
Corbin Burnes,R,NYM,2025-04-30,5,94,26,3
Corbin Burnes,R,TB,2025-04-25,3,89,22,8
Corbin Burnes,R,CHC,2025-04-18,0,98,23,3
Corbin Burnes,R,MIL,2025-04-13,2,88,22,3
Corbin Burnes,R,WSH,2025-04-06,4,89,26,3
Corbin Burnes,R,NYY,2025-04-01,3,98,21,8
Cristopher Sanchez,L,ATL,2025-05-29,2,88,24,5
Cristopher Sanchez,L,ATH,2025-05-25,3,83,23,6
Cristopher Sanchez,L,COL,2025-05-20,0,89,24,7
Cristopher Sanchez,L,STL,2025-05-12,3,98,26,8
Cristopher Sanchez,L,TB,2025-05-07,3,85,22,5
Cristopher Sanchez,L,WSH,2025-04-30,3,87,23,6
Cristopher Sanchez,L,NYM,2025-04-22,2,58,11,2
Cristopher Sanchez,L,SF,2025-04-17,1,97,28,12
Cristopher Sanchez,L,STL,2025-04-12,2,95,26,3
Cristopher Sanchez,L,LAD,2025-04-06,1,88,25,9
Cristopher Sanchez,L,COL,2025-03-31,2,93,22,7
Max Meyer,R,COL,2025-06-02,1,77,25,5
Max Meyer,R,SD,2025-05-28,2,74,21,0
Max Meyer,R,CHC,2025-05-21,1,99,23,4
Max Meyer,R,TB,2025-05-16,0,82,21,7
Max Meyer,R,CHW,2025-05-09,3,90,28,5
Max Meyer,R,ATH,2025-05-03,2,82,25,0
Max Meyer,R,SEA,2025-04-27,4,86,21,6
Max Meyer,R,CIN,2025-04-21,0,92,23,14
Max Meyer,R,ARI,2025-04-16,2,90,24,8
Max Meyer,R,NYM,2025-04-09,2,82,22,4
Max Meyer,R,ATL,2025-04-04,2,92,29,8
Max Meyer,R,PIT,2025-03-30,1,93,23,7
Bailey Falter,L,SD,2025-06-01,1,79,20,1
Bailey Falter,L,MIL,2025-05-25,3,84,24,1
Bailey Falter,L,CIN,2025-05-20,0,79,24,5
Bailey Falter,L,NYM,2025-05-14,5,78,17,3
Bailey Falter,L,ATL,2025-05-09,2,89,22,3
Bailey Falter,L,SD,2025-05-03,2,89,24,6
Bailey Falter,L,LAD,2025-04-27,2,81,23,2
Bailey Falter,L,LAA,2025-04-23,0,65,17,5
Bailey Falter,L,WSH,2025-04-16,1,83,21,2
Bailey Falter,L,CIN,2025-04-11,5,79,21,4
Bailey Falter,L,NYY,2025-04-05,1,88,20,5
Bailey Falter,L,MIA,2025-03-29,0,87,25,4
Jack Flaherty,R,CHW,2025-06-02,1,99,23,4
Jack Flaherty,R,SF,2025-05-27,1,97,21,8
Jack Flaherty,R,CLE,2025-05-22,3,108,26,8
Jack Flaherty,R,TOR,2025-05-16,1,90,21,6
Jack Flaherty,R,TEX,2025-05-10,2,73,15,4
Jack Flaherty,R,LAA,2025-05-04,1,91,26,8
Jack Flaherty,R,HOU,2025-04-29,2,89,21,4
Jack Flaherty,R,SD,2025-04-22,0,96,24,9
Jack Flaherty,R,MIL,2025-04-15,2,98,21,4
Jack Flaherty,R,NYY,2025-04-09,3,92,22,9
Jack Flaherty,R,CHW,2025-04-04,2,95,22,7
Jack Flaherty,R,LAD,2025-03-29,2,83,22,5
Luis Ortiz,R,LAA,2025-05-30,2,97,25,5
Luis Ortiz,R,DET,2025-05-24,5,89,22,3
Luis Ortiz,R,CIN,2025-05-18,2,100,23,7
Luis Ortiz,R,PHI,2025-05-11,2,95,23,9
Luis Ortiz,R,WSH,2025-05-06,3,85,25,4
Luis Ortiz,R,MIN,2025-04-30,2,90,23,5
Luis Ortiz,R,NYY,2025-04-23,5,104,24,8
Luis Ortiz,R,PIT,2025-04-18,3,92,22,8
Luis Ortiz,R,KC,2025-04-12,2,100,20,10
Luis Ortiz,R,LAA,2025-04-06,0,81,25,3
Luis Ortiz,R,SD,2025-04-01,4,90,26,2
Dylan Cease,R,PIT,2025-06-01,1,95,22,6
Dylan Cease,R,ATL,2025-05-25,1,88,20,8
Dylan Cease,R,TOR,2025-05-20,1,100,24,6
Dylan Cease,R,LAA,2025-05-14,1,103,25,10
Dylan Cease,R,NYY,2025-05-07,2,89,24,9
Dylan Cease,R,PIT,2025-05-02,3,91,18,3
Dylan Cease,R,TB,2025-04-27,4,95,23,6
Dylan Cease,R,HOU,2025-04-20,1,88,22,6
Dylan Cease,R,CHC,2025-04-15,1,96,25,6
Dylan Cease,R,ATH,2025-04-09,3,78,23,4
Dylan Cease,R,CLE,2025-04-02,1,92,24,7
Dylan Cease,R,ATL,2025-03-29,2,93,19,7
Brady Singer,R,MIL,2025-06-02,3,97,21,4
Brady Singer,R,KC,2025-05-27,1,99,29,3
Brady Singer,R,PIT,2025-05-21,4,102,23,3
Brady Singer,R,CLE,2025-05-16,3,90,20,4
Brady Singer,R,HOU,2025-05-10,1,51,16,1
Brady Singer,R,ATL,2025-05-05,2,102,27,2
Brady Singer,R,STL,2025-04-30,3,92,23,4
Brady Singer,R,MIA,2025-04-23,0,88,22,8
Brady Singer,R,SEA,2025-04-17,3,95,22,6
Brady Singer,R,PIT,2025-04-11,3,88,19,3
Brady Singer,R,MIL,2025-04-05,1,91,25,7
Brady Singer,R,TEX,2025-03-31,2,92,24,8
Drew Rasmussen,R,MIN,2025-05-28,1,74,20,5
Drew Rasmussen,R,TOR,2025-05-23,2,76,22,3
Drew Rasmussen,R,MIA,2025-05-17,0,81,22,5
Drew Rasmussen,R,MIL,2025-05-11,1,72,20,3
Drew Rasmussen,R,PHI,2025-05-06,2,86,20,2
Drew Rasmussen,R,KC,2025-04-30,1,72,21,3
Drew Rasmussen,R,ARI,2025-04-25,1,82,21,5
Drew Rasmussen,R,NYY,2025-04-18,3,84,22,7
Drew Rasmussen,R,ATL,2025-04-12,1,80,19,7
Drew Rasmussen,R,TEX,2025-04-06,1,79,18,4
Drew Rasmussen,R,PIT,2025-03-31,0,70,17,4
Bailey Ober,R,SEA,2025-05-31,1,97,19,4
Bailey Ober,R,KC,2025-05-25,1,89,27,3
Bailey Ober,R,CLE,2025-05-19,0,42,12,3
Bailey Ober,R,BAL,2025-05-14,3,102,20,3
Bailey Ober,R,BAL,2025-05-08,1,91,25,6
Bailey Ober,R,BOS,2025-05-03,1,94,25,6
Bailey Ober,R,CLE,2025-04-28,0,102,31,2
Bailey Ober,R,CHW,2025-04-22,1,87,25,6
Bailey Ober,R,NYM,2025-04-15,0,77,25,5
Bailey Ober,R,KC,2025-04-10,1,73,24,4
Bailey Ober,R,HOU,2025-04-05,2,84,17,5
Bailey Ober,R,STL,2025-03-30,3,77,19,3
Chad Patrick,R,PHI,2025-05-31,0,94,23,6
Chad Patrick,R,BOS,2025-05-26,2,79,19,6
Chad Patrick,R,BAL,2025-05-21,1,89,20,7
Chad Patrick,R,MIN,2025-05-17,1,88,27,2
Chad Patrick,R,TB,2025-05-11,2,81,21,4
Chad Patrick,R,HOU,2025-05-06,1,91,26,6
Chad Patrick,R,CHW,2025-05-01,0,102,23,4
Chad Patrick,R,STL,2025-04-26,2,70,18,2
Chad Patrick,R,ATH,2025-04-19,0,94,23,7
Chad Patrick,R,ARI,2025-04-13,2,77,18,3
Chad Patrick,R,CIN,2025-04-06,3,80,20,4
Chad Patrick,R,KC,2025-04-01,3,86,20,5
Chad Patrick,R,NYY,2025-03-29,1,22,6,1
Chris Paddack,R,SEA,2025-06-01,1,110,29,10
Chris Paddack,R,TB,2025-05-26,0,90,21,5
Chris Paddack,R,CLE,2025-05-21,2,91,24,2
Chris Paddack,R,BAL,2025-05-15,1,89,23,3
Chris Paddack,R,SF,2025-05-10,0,83,25,6
Chris Paddack,R,BOS,2025-05-04,2,94,22,2
Chris Paddack,R,CLE,2025-04-29,1,76,19,2
Chris Paddack,R,CHW,2025-04-24,4,99,24,5
Chris Paddack,R,ATL,2025-04-18,1,88,20,6
Chris Paddack,R,DET,2025-04-12,2,93,19,5
Chris Paddack,R,HOU,2025-04-06,2,68,21,2
Chris Paddack,R,CHW,2025-03-31,4,89,20,2
JP Sears,L,TOR,2025-06-01,0,84,22,3
JP Sears,L,HOU,2025-05-28,1,94,21,1
JP Sears,L,LAA,2025-05-22,0,93,23,4
JP Sears,L,SF,2025-05-17,3,93,21,2
JP Sears,L,NYY,2025-05-10,1,82,20,4
JP Sears,L,MIA,2025-05-04,0,80,23,2
JP Sears,L,TEX,2025-04-29,0,89,22,7
JP Sears,L,TEX,2025-04-24,1,86,20,5
JP Sears,L,CHW,2025-04-17,2,100,24,2
JP Sears,L,NYM,2025-04-12,1,101,21,7
JP Sears,L,COL,2025-04-06,2,87,26,2
JP Sears,L,SEA,2025-03-30,0,91,25,7
Shane Smith,R,NYM,2025-05-28,5,86,19,5
Shane Smith,R,SEA,2025-05-21,2,87,21,6
Shane Smith,R,CHC,2025-05-16,1,89,25,5
Shane Smith,R,MIA,2025-05-10,0,87,21,7
Shane Smith,R,KC,2025-05-05,3,91,23,5
Shane Smith,R,MIL,2025-04-30,3,80,24,4
Shane Smith,R,MIN,2025-04-24,1,82,19,7
Shane Smith,R,BOS,2025-04-19,1,73,22,3
Shane Smith,R,BOS,2025-04-13,2,79,24,3
Shane Smith,R,CLE,2025-04-08,1,83,22,6
Shane Smith,R,MIN,2025-04-01,4,73,22,3
Ben Brown,R,CIN,2025-05-31,1,77,20,9
Ben Brown,R,CIN,2025-05-25,2,85,22,4
Ben Brown,R,MIA,2025-05-19,0,83,21,8
Ben Brown,R,MIA,2025-05-13,0,72,22,6
Ben Brown,R,SF,2025-05-07,2,103,22,9
Ben Brown,R,MIL,2025-05-03,0,74,21,4
Ben Brown,R,PHI,2025-04-26,1,80,21,5
Ben Brown,R,ARI,2025-04-19,4,100,21,6
Ben Brown,R,LAD,2025-04-13,0,84,22,5
Ben Brown,R,SD,2025-04-06,4,79,24,5
Ben Brown,R,ATH,2025-04-01,2,75,23,5
Ben Brown,R,LAD,2025-03-18,3,65,15,5
Landen Roupp,R,DET,2025-05-28,2,81,21,7
Landen Roupp,R,WSH,2025-05-23,2,76,24,2
Landen Roupp,R,ATH,2025-05-18,2,92,25,5
Landen Roupp,R,MIN,2025-05-11,0,75,21,3
Landen Roupp,R,CHC,2025-05-05,0,77,22,4
Landen Roupp,R,SD,2025-04-30,3,92,22,4
Landen Roupp,R,MIL,2025-04-24,3,78,20,2
Landen Roupp,R,LAA,2025-04-20,1,96,26,9
Landen Roupp,R,PHI,2025-04-14,3,101,24,8
Landen Roupp,R,CIN,2025-04-09,0,81,23,4
Landen Roupp,R,HOU,2025-04-02,4,83,20,8
Pablo Lopez,R,TB,2025-05-28,2,95,23,3
Pablo Lopez,R,KC,2025-05-24,0,102,26,5
Pablo Lopez,R,MIL,2025-05-17,2,95,22,6
Pablo Lopez,R,SF,2025-05-11,2,91,25,6
Pablo Lopez,R,BAL,2025-05-06,1,98,18,11
Pablo Lopez,R,CLE,2025-04-30,0,90,23,6
Pablo Lopez,R,LAA,2025-04-25,2,101,22,6
Pablo Lopez,R,KC,2025-04-08,1,78,19,6
Pablo Lopez,R,CHW,2025-04-02,1,98,26,5
Pablo Lopez,R,STL,2025-03-27,0,87,22,3
Michael King,R,SEA,2025-05-18,1,96,24,8
Michael King,R,LAA,2025-05-13,2,91,23,8
Michael King,R,NYY,2025-05-06,2,90,22,2
Michael King,R,SF,2025-04-30,1,91,21,6
Michael King,R,TB,2025-04-26,1,90,21,9
Michael King,R,HOU,2025-04-19,2,90,23,7
Michael King,R,COL,2025-04-13,1,110,29,8
Michael King,R,ATH,2025-04-08,2,101,27,2
Michael King,R,CLE,2025-04-02,1,88,19,11
Michael King,R,ATL,2025-03-27,4,76,16,3
Dustin May,R,NYM,2025-06-03,2,88,26,5
Dustin May,R,CLE,2025-05-27,2,90,20,9
Dustin May,R,ARI,2025-05-22,1,88,24,8
Dustin May,R,LAA,2025-05-17,2,95,24,8
Dustin May,R,ARI,2025-05-11,1,88,27,5
Dustin May,R,ATL,2025-05-04,2,97,25,6
Dustin May,R,MIA,2025-04-29,3,83,22,3
Dustin May,R,CHC,2025-04-22,3,95,27,5
Dustin May,R,COL,2025-04-15,0,76,22,7
Dustin May,R,WSH,2025-04-07,3,86,25,1
Dustin May,R,ATL,2025-04-02,3,81,18,6
Kodai Senga,R,COL,2025-05-31,2,92,23,7
Kodai Senga,R,LAD,2025-05-25,4,101,24,5
Kodai Senga,R,BOS,2025-05-19,3,100,27,5
Kodai Senga,R,PIT,2025-05-13,2,102,25,7
Kodai Senga,R,ARI,2025-05-07,5,89,22,4
Kodai Senga,R,ARI,2025-05-01,3,87,19,6
Kodai Senga,R,WSH,2025-04-25,2,96,24,5
Kodai Senga,R,STL,2025-04-19,2,89,22,4
Kodai Senga,R,ATH,2025-04-13,2,79,26,4
Kodai Senga,R,MIA,2025-04-07,2,77,19,4
Kodai Senga,R,MIA,2025-04-01,1,77,20,8
Miles Mikolas,R,BAL,2025-05-28,0,72,21,3
Miles Mikolas,R,ARI,2025-05-24,1,81,23,4
Miles Mikolas,R,KC,2025-05-17,2,76,22,4
Miles Mikolas,R,WSH,2025-05-11,1,69,20,5
Miles Mikolas,R,PIT,2025-05-05,3,84,21,1
Miles Mikolas,R,CIN,2025-04-30,0,77,21,4
Miles Mikolas,R,ATL,2025-04-23,2,89,25,2
Miles Mikolas,R,NYM,2025-04-18,2,70,21,1
Miles Mikolas,R,PHI,2025-04-12,2,82,20,6
Miles Mikolas,R,BOS,2025-04-06,1,81,20,1
Miles Mikolas,R,LAA,2025-03-31,2,80,20,3
Trevor Williams,R,SEA,2025-05-29,0,77,20,2
Trevor Williams,R,ATL,2025-05-22,3,82,18,3
Trevor Williams,R,ATL,2025-05-15,0,77,20,4
Trevor Williams,R,STL,2025-05-10,1,96,26,4
Trevor Williams,R,CIN,2025-05-03,2,87,26,4
Trevor Williams,R,NYM,2025-04-28,2,99,23,5
Trevor Williams,R,BAL,2025-04-23,1,99,22,5
Trevor Williams,R,PIT,2025-04-17,3,90,21,5
Trevor Williams,R,MIA,2025-04-12,1,81,23,2
Trevor Williams,R,ARI,2025-04-06,2,96,22,6
Trevor Williams,R,TOR,2025-04-01,0,84,23,3
Randy Vasquez,R,PIT,2025-06-01,3,78,18,3
Randy Vasquez,R,MIA,2025-05-27,1,89,24,5
Randy Vasquez,R,TOR,2025-05-21,0,73,19,4
Randy Vasquez,R,LAA,2025-05-15,1,90,23,5
Randy Vasquez,R,COL,2025-05-10,1,95,25,5
Randy Vasquez,R,PIT,2025-05-03,5,89,26,3
Randy Vasquez,R,TB,2025-04-27,2,77,21,1
Randy Vasquez,R,DET,2025-04-21,3,68,15,1
Randy Vasquez,R,CHC,2025-04-16,2,80,24,2
Randy Vasquez,R,ATH,2025-04-09,3,61,18,1
Randy Vasquez,R,CHC,2025-04-04,5,82,21,2
Randy Vasquez,R,ATL,2025-03-29,4,92,23,3
Bowden Francis,R,TEX,2025-05-28,1,75,19,6
Bowden Francis,R,SD,2025-05-22,3,77,17,4
Bowden Francis,R,DET,2025-05-16,2,95,25,6
Bowden Francis,R,SEA,2025-05-11,1,89,27,5
Bowden Francis,R,CLE,2025-05-04,1,79,19,2
Bowden Francis,R,BOS,2025-04-29,0,72,17,1
Bowden Francis,R,HOU,2025-04-23,1,79,22,2
Bowden Francis,R,SEA,2025-04-18,1,77,22,5
Bowden Francis,R,BAL,2025-04-12,2,96,23,5
Bowden Francis,R,NYM,2025-04-06,2,90,23,6
Bowden Francis,R,WSH,2025-03-31,3,91,23,4
Hunter Greene,R,KC,2025-05-28,1,88,21,3
Hunter Greene,R,CHC,2025-05-23,2,83,17,2
Hunter Greene,R,ATL,2025-05-07,0,53,11,6
Hunter Greene,R,WSH,2025-05-02,2,114,22,12
Hunter Greene,R,COL,2025-04-26,0,98,25,8
Hunter Greene,R,BAL,2025-04-19,2,77,19,4
Hunter Greene,R,PIT,2025-04-13,1,98,24,8
Hunter Greene,R,SF,2025-04-08,1,104,31,7
Hunter Greene,R,TEX,2025-04-02,1,94,25,8
Hunter Greene,R,SF,2025-03-27,1,84,19,8
Antonio Senzatela,R,NYM,2025-05-31,2,82,22,2
Antonio Senzatela,R,NYY,2025-05-25,1,75,20,4
Antonio Senzatela,R,PHI,2025-05-21,1,88,29,3
Antonio Senzatela,R,TEX,2025-05-15,4,97,25,3
Antonio Senzatela,R,SD,2025-05-10,2,90,25,2
Antonio Senzatela,R,SF,2025-05-03,2,93,23,4
Antonio Senzatela,R,CIN,2025-04-26,0,94,23,4
Antonio Senzatela,R,WSH,2025-04-21,1,83,24,2
Antonio Senzatela,R,LAD,2025-04-15,1,91,22,1
Antonio Senzatela,R,MIL,2025-04-10,1,78,22,3
Antonio Senzatela,R,PHI,2025-04-03,0,92,25,3
Antonio Senzatela,R,TB,2025-03-29,2,78,21,0
Tylor Megill,R,CHW,2025-05-27,4,100,24,6
Tylor Megill,R,BOS,2025-05-21,1,85,20,10
Tylor Megill,R,NYY,2025-05-16,5,72,17,4
Tylor Megill,R,CHC,2025-05-10,2,77,22,7
Tylor Megill,R,STL,2025-05-04,3,90,23,6
Tylor Megill,R,WSH,2025-04-27,1,105,23,9
Tylor Megill,R,PHI,2025-04-21,4,92,22,10
Tylor Megill,R,MIN,2025-04-15,0,95,24,3
Tylor Megill,R,MIA,2025-04-09,3,90,22,7
Tylor Megill,R,TOR,2025-04-04,3,82,21,4
Tylor Megill,R,HOU,2025-03-29,1,77,19,6
Kyle Hendricks,R,CLE,2025-05-31,2,86,28,6
Kyle Hendricks,R,MIA,2025-05-25,0,87,25,5
Kyle Hendricks,R,ATH,2025-05-21,0,90,26,3
Kyle Hendricks,R,SD,2025-05-15,1,85,24,4
Kyle Hendricks,R,BAL,2025-05-10,3,99,24,5
Kyle Hendricks,R,DET,2025-05-04,0,102,26,3
Kyle Hendricks,R,MIN,2025-04-25,5,90,19,3
Kyle Hendricks,R,SF,2025-04-20,2,63,20,1
Kyle Hendricks,R,HOU,2025-04-13,3,79,18,1
Kyle Hendricks,R,TB,2025-04-08,2,83,17,4
Kyle Hendricks,R,STL,2025-04-01,0,97,24,4
German Marquez,R,MIA,2025-06-02,2,93,26,6
German Marquez,R,CHC,2025-05-28,1,84,26,6
German Marquez,R,PHI,2025-05-22,2,79,26,5
German Marquez,R,ARI,2025-05-18,3,82,22,1
German Marquez,R,SD,2025-05-11,1,78,25,2
German Marquez,R,SF,2025-05-04,0,68,19,3
German Marquez,R,ATL,2025-04-30,1,86,27,1
German Marquez,R,KC,2025-04-24,3,78,23,3
German Marquez,R,LAD,2025-04-17,1,37,10,1
German Marquez,R,SD,2025-04-12,1,72,22,3
German Marquez,R,ATH,2025-04-06,6,89,23,3
German Marquez,R,PHI,2025-03-31,0,83,22,4
Griffin Canning,R,CHW,2025-05-28,4,80,19,3
Griffin Canning,R,LAD,2025-05-23,4,54,12,1
Griffin Canning,R,NYY,2025-05-17,1,92,24,4
Griffin Canning,R,CHC,2025-05-11,1,92,21,5
Griffin Canning,R,ARI,2025-05-06,1,82,21,6
Griffin Canning,R,WSH,2025-04-28,3,90,21,5
Griffin Canning,R,PHI,2025-04-22,1,84,23,5
Griffin Canning,R,STL,2025-04-17,2,102,23,8
Griffin Canning,R,ATH,2025-04-12,3,86,25,3
Griffin Canning,R,TOR,2025-04-05,3,89,19,6
Griffin Canning,R,HOU,2025-03-29,2,87,21,4
Gavin Williams,R,LAA,2025-06-01,2,103,24,6
Gavin Williams,R,LAD,2025-05-26,6,109,24,3
Gavin Williams,R,MIN,2025-05-21,2,98,22,6
Gavin Williams,R,MIL,2025-05-14,1,95,20,6
Gavin Williams,R,PHI,2025-05-09,4,98,21,8
Gavin Williams,R,TOR,2025-05-03,5,100,23,9
Gavin Williams,R,MIN,2025-04-28,2,61,14,2
Gavin Williams,R,NYY,2025-04-21,2,104,26,8
Gavin Williams,R,BAL,2025-04-16,4,102,27,4
Gavin Williams,R,CHW,2025-04-10,2,94,19,7
Gavin Williams,R,LAA,2025-04-05,3,75,18,5
Gavin Williams,R,KC,2025-03-29,1,74,19,2
Colin Rea,R,CIN,2025-05-30,2,90,27,3
Colin Rea,R,CIN,2025-05-24,3,108,25,8
Colin Rea,R,CHW,2025-05-18,2,93,20,3
Colin Rea,R,MIA,2025-05-12,2,98,25,4
Colin Rea,R,SF,2025-05-06,2,92,24,4
Colin Rea,R,PIT,2025-05-01,2,73,23,2
Colin Rea,R,PHI,2025-04-25,2,92,20,7
Colin Rea,R,ARI,2025-04-18,0,69,20,5
Colin Rea,R,LAD,2025-04-13,1,68,16,5
Colin Rea,R,TEX,2025-04-07,0,23,6,1
Colin Rea,R,ATH,2025-04-01,0,40,12,1
Colin Rea,R,ARI,2025-03-30,0,4,2,0
Justin Verlander,R,ATH,2025-05-18,5,84,20,1
Justin Verlander,R,ARI,2025-05-13,1,79,27,5
Justin Verlander,R,CHC,2025-05-06,2,82,21,3
Justin Verlander,R,COL,2025-05-02,1,85,24,4
Justin Verlander,R,TEX,2025-04-26,1,89,23,5
Justin Verlander,R,LAA,2025-04-20,2,98,22,6
Justin Verlander,R,PHI,2025-04-15,3,104,26,1
Justin Verlander,R,CIN,2025-04-09,3,90,26,9
Justin Verlander,R,SEA,2025-04-04,2,65,14,2
Justin Verlander,R,CIN,2025-03-29,1,83,22,5
Sandy Alcantara,R,SD,2025-05-28,4,71,21,0
Sandy Alcantara,R,LAA,2025-05-24,2,100,25,6
Sandy Alcantara,R,TB,2025-05-17,2,101,23,3
Sandy Alcantara,R,CHW,2025-05-11,3,107,26,8
Sandy Alcantara,R,LAD,2025-05-05,1,87,22,4
Sandy Alcantara,R,LAD,2025-04-30,5,79,20,2
Sandy Alcantara,R,CIN,2025-04-23,2,102,25,4
Sandy Alcantara,R,PHI,2025-04-18,2,61,12,1
Sandy Alcantara,R,WSH,2025-04-12,4,87,25,1
Sandy Alcantara,R,NYM,2025-04-01,0,70,18,4
Sandy Alcantara,R,PIT,2025-03-27,4,91,20,7
Casey Mize,R,KC,2025-05-31,2,79,20,4
Casey Mize,R,CLE,2025-05-24,1,77,21,6
Casey Mize,R,COL,2025-05-08,0,86,21,8
Casey Mize,R,LAA,2025-05-02,2,95,28,4
Casey Mize,R,BAL,2025-04-26,0,87,23,5
Casey Mize,R,KC,2025-04-19,1,88,27,3
Casey Mize,R,MIN,2025-04-13,0,74,24,3
Casey Mize,R,NYY,2025-04-07,3,88,24,6
Casey Mize,R,SEA,2025-04-02,3,82,20,6
Bryan Woo,R,MIN,2025-05-31,1,95,27,3
Bryan Woo,R,HOU,2025-05-24,0,93,27,5
Bryan Woo,R,SD,2025-05-18,0,87,25,5
Bryan Woo,R,NYY,2025-05-14,0,88,23,6
Bryan Woo,R,ATH,2025-05-07,1,100,27,6
Bryan Woo,R,TEX,2025-05-03,0,87,20,8
Bryan Woo,R,BOS,2025-04-24,1,91,23,8
Bryan Woo,R,TOR,2025-04-18,2,97,30,4
Bryan Woo,R,TEX,2025-04-13,1,91,27,7
Bryan Woo,R,SF,2025-04-06,1,89,24,6
Bryan Woo,R,ATH,2025-03-30,2,76,23,5
Patrick Corbin,L,STL,2025-05-31,2,83,21,3
Patrick Corbin,L,CHW,2025-05-25,1,87,22,6
Patrick Corbin,L,NYY,2025-05-20,2,86,20,3
Patrick Corbin,L,COL,2025-05-15,1,94,23,9
Patrick Corbin,L,DET,2025-05-09,4,93,27,3
Patrick Corbin,L,SEA,2025-05-03,2,85,23,2
Patrick Corbin,L,ATH,2025-04-29,1,93,21,5
Patrick Corbin,L,ATH,2025-04-23,2,85,24,4
Patrick Corbin,L,LAA,2025-04-17,1,85,20,6
Patrick Corbin,L,CHC,2025-04-08,2,74,19,0
Cade Povich,L,STL,2025-05-28,3,96,24,9
Cade Povich,L,BOS,2025-05-23,3,98,23,6
Cade Povich,L,WSH,2025-05-16,2,99,21,9
Cade Povich,L,MIN,2025-05-06,0,103,24,4
Cade Povich,L,NYY,2025-04-30,3,87,20,2
Cade Povich,L,WSH,2025-04-24,1,87,25,5
Cade Povich,L,CIN,2025-04-18,5,84,20,4
Cade Povich,L,TOR,2025-04-13,1,76,21,2
Cade Povich,L,KC,2025-04-06,0,88,28,4
Cade Povich,L,BOS,2025-03-31,2,94,20,8
Quinn Priester,R,PHI,2025-05-30,0,71,22,0
Quinn Priester,R,PIT,2025-05-24,1,84,24,7
Quinn Priester,R,BAL,2025-05-19,1,66,21,2
Quinn Priester,R,CLE,2025-05-13,2,69,17,3
Quinn Priester,R,HOU,2025-05-07,3,78,23,3
Quinn Priester,R,CHC,2025-05-03,4,101,23,4
Quinn Priester,R,STL,2025-04-26,3,102,26,2
Quinn Priester,R,SF,2025-04-22,4,81,19,3
Quinn Priester,R,DET,2025-04-15,3,84,19,4
Quinn Priester,R,COL,2025-04-10,2,72,21,4
Will Warren,R,LAD,2025-05-31,4,57,14,2
Will Warren,R,COL,2025-05-25,2,57,16,7
Will Warren,R,TEX,2025-05-20,1,101,23,10
Will Warren,R,SEA,2025-05-14,1,92,21,9
Will Warren,R,ATH,2025-05-10,1,87,27,7
Will Warren,R,TB,2025-05-04,3,102,26,8
Will Warren,R,BAL,2025-04-28,2,72,18,5
Will Warren,R,CLE,2025-04-22,1,82,20,5
Will Warren,R,TB,2025-04-17,2,53,10,1
Will Warren,R,SF,2025-04-12,2,91,19,6
Will Warren,R,PIT,2025-04-06,1,87,19,5
Will Warren,R,ARI,2025-04-01,4,85,19,4
Aaron Nola,R,STL,2025-05-14,1,83,24,2
Aaron Nola,R,CLE,2025-05-09,2,87,23,5
Aaron Nola,R,ARI,2025-05-03,1,109,23,8
Aaron Nola,R,CHC,2025-04-27,1,99,24,6
Aaron Nola,R,NYM,2025-04-21,2,101,26,6
Aaron Nola,R,SF,2025-04-16,4,99,28,8
Aaron Nola,R,STL,2025-04-12,4,93,24,7
Aaron Nola,R,LAD,2025-04-05,1,97,25,2
Aaron Nola,R,WSH,2025-03-30,0,95,23,8
Cal Quantrill,R,SF,2025-05-30,1,95,24,7
Cal Quantrill,R,LAA,2025-05-25,0,46,12,2
Cal Quantrill,R,TB,2025-05-18,2,85,19,6
Cal Quantrill,R,CHC,2025-05-12,2,83,18,1
Cal Quantrill,R,LAD,2025-05-06,1,79,18,6
Cal Quantrill,R,LAD,2025-04-30,1,72,18,3
Cal Quantrill,R,SEA,2025-04-26,0,78,22,5
Cal Quantrill,R,PHI,2025-04-19,3,89,21,0
Cal Quantrill,R,WSH,2025-04-13,5,77,23,2
Cal Quantrill,R,ATL,2025-04-05,0,66,17,4
Cal Quantrill,R,NYM,2025-03-31,1,90,21,2
Jackson Jobe,R,SF,2025-05-28,3,95,23,4
Jackson Jobe,R,CLE,2025-05-23,2,89,22,3
Jackson Jobe,R,TOR,2025-05-18,2,90,25,5
Jackson Jobe,R,BOS,2025-05-12,5,100,26,7
Jackson Jobe,R,COL,2025-05-08,1,87,20,2
Jackson Jobe,R,HOU,2025-04-30,4,77,20,4
Jackson Jobe,R,KC,2025-04-18,2,87,22,5
Jackson Jobe,R,MIN,2025-04-12,1,87,20,2
Jackson Jobe,R,CHW,2025-04-06,3,86,21,4
Jackson Jobe,R,SEA,2025-04-01,4,79,19,3
Reese Olson,R,TOR,2025-05-17,1,85,19,6
Reese Olson,R,TEX,2025-05-11,1,83,21,5
Reese Olson,R,LAA,2025-05-04,3,94,24,8
Reese Olson,R,HOU,2025-04-30,3,90,23,7
Reese Olson,R,SD,2025-04-23,1,85,25,7
Reese Olson,R,KC,2025-04-17,2,87,22,5
Reese Olson,R,MIN,2025-04-12,3,90,22,3
Reese Olson,R,CHW,2025-04-05,3,94,25,5
Reese Olson,R,LAD,2025-03-30,2,93,20,5
Jordan Hicks,R,MIA,2025-06-01,3,20,4,1
Jordan Hicks,R,DET,2025-05-26,0,15,3,1
Jordan Hicks,R,KC,2025-05-21,0,7,3,0
Jordan Hicks,R,KC,2025-05-20,1,16,5,0
Jordan Hicks,R,ARI,2025-05-14,1,51,13,1
Jordan Hicks,R,MIN,2025-05-10,0,79,24,6
Jordan Hicks,R,COL,2025-05-03,2,88,21,7
Jordan Hicks,R,TEX,2025-04-27,0,84,20,3
Jordan Hicks,R,MIL,2025-04-23,3,104,26,5
Jordan Hicks,R,PHI,2025-04-17,4,105,29,5
Jordan Hicks,R,NYY,2025-04-12,3,94,23,3
Jordan Hicks,R,SEA,2025-04-06,1,90,25,5
Jordan Hicks,R,HOU,2025-04-01,2,72,21,6
Ronel Blanco,R,TEX,2025-05-17,3,92,26,5
Ronel Blanco,R,CIN,2025-05-11,1,101,27,11
Ronel Blanco,R,MIL,2025-05-05,2,98,26,6
Ronel Blanco,R,DET,2025-04-29,2,84,20,6
Ronel Blanco,R,TOR,2025-04-23,2,93,24,3
Ronel Blanco,R,STL,2025-04-16,3,88,23,1
Ronel Blanco,R,LAA,2025-04-12,1,84,19,7
Ronel Blanco,R,MIN,2025-04-06,3,62,13,3
Ronel Blanco,R,SF,2025-04-01,3,92,21,6
Logan Allen,L,LAA,2025-05-31,0,15,3,2
Logan Allen,L,DET,2025-05-25,4,97,22,2
Logan Allen,L,MIN,2025-05-19,1,53,13,3
Logan Allen,L,MIL,2025-05-13,1,89,22,6
Logan Allen,L,WSH,2025-05-07,4,91,23,3
Logan Allen,L,TOR,2025-05-02,2,104,25,4
Logan Allen,L,BOS,2025-04-27,3,96,24,2
Logan Allen,L,PIT,2025-04-20,1,95,23,5
Logan Allen,L,BAL,2025-04-15,2,95,22,6
Logan Allen,L,CHW,2025-04-09,2,83,21,4
Logan Allen,L,SD,2025-04-02,5,89,24,1
Andrew Abbott,L,CHC,2025-05-30,1,93,23,8
Andrew Abbott,L,CHC,2025-05-24,2,83,23,2
Andrew Abbott,L,CLE,2025-05-18,3,96,22,5
Andrew Abbott,L,CHW,2025-05-13,0,96,22,7
Andrew Abbott,L,ATL,2025-05-06,0,91,19,8
Andrew Abbott,L,STL,2025-05-01,4,74,18,3
Andrew Abbott,L,COL,2025-04-26,5,84,21,4
Andrew Abbott,L,BAL,2025-04-18,1,93,21,11
Andrew Abbott,L,PIT,2025-04-12,2,81,19,5
Charlie Morton,R,CHW,2025-06-01,1,100,28,7
Charlie Morton,R,STL,2025-05-26,2,86,24,5
Charlie Morton,R,WSH,2025-05-17,1,62,16,6
Charlie Morton,R,MIN,2025-05-14,1,46,12,4
Charlie Morton,R,LAA,2025-05-11,0,30,6,2
Charlie Morton,R,MIN,2025-05-07,1,70,17,2
Charlie Morton,R,KC,2025-05-04,0,24,6,0
Charlie Morton,R,NYY,2025-04-29,1,43,12,2
Charlie Morton,R,DET,2025-04-26,5,80,18,3
Charlie Morton,R,CIN,2025-04-20,4,68,18,2
Charlie Morton,R,CLE,2025-04-15,3,88,24,2
Charlie Morton,R,ARI,2025-04-09,5,87,25,4
Charlie Morton,R,BOS,2025-04-03,2,98,23,10
Charlie Morton,R,TOR,2025-03-28,1,80,18,3
Jack Leiter,R,STL,2025-05-31,2,96,22,6
Jack Leiter,R,CHW,2025-05-24,5,94,26,3
Jack Leiter,R,HOU,2025-05-18,2,87,25,4
Jack Leiter,R,COL,2025-05-14,3,89,22,5
Jack Leiter,R,BOS,2025-05-08,4,90,24,3
Jack Leiter,R,SEA,2025-05-03,2,89,23,2
Jack Leiter,R,SF,2025-04-27,4,76,16,3
Jack Leiter,R,CIN,2025-04-02,0,70,16,6
Jack Leiter,R,BOS,2025-03-29,1,82,20,4
Cole Ragans,L,STL,2025-05-16,0,83,20,7
Cole Ragans,L,BOS,2025-05-10,2,95,23,8
Cole Ragans,L,CHW,2025-05-05,2,94,20,11
Cole Ragans,L,COL,2025-04-24,2,62,14,4
Cole Ragans,L,DET,2025-04-18,3,96,21,8
Cole Ragans,L,CLE,2025-04-13,0,89,26,10
Cole Ragans,L,MIN,2025-04-08,0,96,23,11
Cole Ragans,L,MIL,2025-04-02,2,97,22,10
Cole Ragans,L,CLE,2025-03-27,2,83,22,3
Eduardo Rodriguez,L,SF,2025-05-14,3,76,20,4
Eduardo Rodriguez,L,LAD,2025-05-10,3,76,21,3
Eduardo Rodriguez,L,PHI,2025-05-04,4,101,25,10
Eduardo Rodriguez,L,NYM,2025-04-29,1,69,22,1
Eduardo Rodriguez,L,TB,2025-04-24,1,92,27,5
Eduardo Rodriguez,L,MIA,2025-04-17,0,93,28,9
Eduardo Rodriguez,L,MIL,2025-04-12,2,95,27,3
Eduardo Rodriguez,L,WSH,2025-04-05,1,90,20,12
Eduardo Rodriguez,L,CHC,2025-03-30,3,85,21,5
Ben Lively,R,MIL,2025-05-12,2,45,12,1
Ben Lively,R,WSH,2025-05-06,2,63,18,3
Ben Lively,R,MIN,2025-05-01,0,91,22,2
Ben Lively,R,BOS,2025-04-26,3,104,24,4
Ben Lively,R,PIT,2025-04-19,1,90,21,3
Ben Lively,R,KC,2025-04-13,2,93,24,5
Ben Lively,R,CHW,2025-04-08,3,80,17,4
Ben Lively,R,SD,2025-04-02,2,86,21,4
Ben Lively,R,KC,2025-03-27,0,67,19,3
Emerson Hancock,R,WSH,2025-05-30,3,65,19,4
Emerson Hancock,R,HOU,2025-05-24,0,92,28,3
Emerson Hancock,R,SD,2025-05-18,1,88,21,3
Emerson Hancock,R,NYY,2025-05-13,4,88,27,5
Emerson Hancock,R,ATH,2025-05-07,2,71,22,2
Emerson Hancock,R,LAA,2025-04-30,2,99,28,4
Emerson Hancock,R,BOS,2025-04-23,2,92,25,7
Emerson Hancock,R,CIN,2025-04-17,0,73,18,4
Emerson Hancock,R,DET,2025-04-01,1,39,9,0
Shota Imanaga,L,MIL,2025-05-04,1,84,22,4
Shota Imanaga,L,PIT,2025-04-29,1,87,21,3
Shota Imanaga,L,LAD,2025-04-22,2,101,25,6
Shota Imanaga,L,SD,2025-04-16,3,93,22,7
Shota Imanaga,L,TEX,2025-04-09,1,76,23,4
Shota Imanaga,L,SD,2025-04-04,0,91,26,4
Shota Imanaga,L,ARI,2025-03-30,2,91,26,4
Shota Imanaga,L,LAD,2025-03-18,4,69,16,2
Sean Newcomb,L,MIN,2025-06-03,1,26,6,1
Sean Newcomb,L,TOR,2025-05-29,1,44,14,2
Sean Newcomb,L,BAL,2025-05-24,1,28,6,0
Sean Newcomb,L,NYM,2025-05-21,2,32,9,0
Sean Newcomb,L,ATL,2025-05-18,2,79,20,4
Sean Newcomb,L,DET,2025-05-12,0,98,27,4
Sean Newcomb,L,KC,2025-05-09,0,6,2,0
Sean Newcomb,L,TEX,2025-05-06,1,77,17,3
Sean Newcomb,L,CLE,2025-04-27,0,16,4,3
Sean Newcomb,L,SEA,2025-04-23,2,97,24,8
Sean Newcomb,L,TB,2025-04-16,2,71,18,4
Sean Newcomb,L,CHW,2025-04-11,2,94,22,6
Sean Newcomb,L,STL,2025-04-06,3,94,23,5
Sean Newcomb,L,BAL,2025-03-31,2,64,18,4
AJ Smith-Shawver,R,PHI,2025-05-29,1,38,11,1
AJ Smith-Shawver,R,WSH,2025-05-22,3,82,20,1
AJ Smith-Shawver,R,WSH,2025-05-15,2,86,23,6
AJ Smith-Shawver,R,PIT,2025-05-10,2,97,24,7
AJ Smith-Shawver,R,CIN,2025-05-05,4,99,28,5
AJ Smith-Shawver,R,COL,2025-04-30,1,59,21,5
AJ Smith-Shawver,R,TB,2025-04-12,2,91,21,7
AJ Smith-Shawver,R,MIA,2025-04-05,3,82,23,6
AJ Smith-Shawver,R,SD,2025-03-30,3,77,21,4
Bryce Elder,R,BOS,2025-06-01,3,81,25,4
Bryce Elder,R,WSH,2025-05-14,1,82,21,3
Bryce Elder,R,PIT,2025-05-09,0,99,22,8
Bryce Elder,R,LAD,2025-05-04,2,86,21,6
Bryce Elder,R,COL,2025-04-29,2,90,25,4
Bryce Elder,R,STL,2025-04-23,3,99,25,2
Bryce Elder,R,MIN,2025-04-18,3,91,24,3
Bryce Elder,R,TB,2025-04-11,0,92,26,4
Bryce Elder,R,LAD,2025-04-03,2,70,17,3
Tanner Houck,R,DET,2025-05-12,3,69,20,0
Tanner Houck,R,TEX,2025-05-07,2,89,24,2
Tanner Houck,R,TOR,2025-05-01,0,86,25,6
Tanner Houck,R,CLE,2025-04-26,1,94,24,6
Tanner Houck,R,CHW,2025-04-20,2,89,23,7
Tanner Houck,R,TB,2025-04-14,2,61,20,1
Tanner Houck,R,TOR,2025-04-09,2,90,24,2
Tanner Houck,R,BAL,2025-04-03,2,82,19,6
Tanner Houck,R,TEX,2025-03-29,3,89,24,2
Taijuan Walker,R,MIL,2025-05-30,1,89,20,6
Taijuan Walker,R,COL,2025-05-22,2,68,23,2
Taijuan Walker,R,STL,2025-05-14,1,59,14,2
Taijuan Walker,R,TB,2025-05-07,0,45,10,7
Taijuan Walker,R,WSH,2025-05-01,3,85,25,2
Taijuan Walker,R,CHC,2025-04-25,2,86,17,4
Taijuan Walker,R,MIA,2025-04-19,3,56,17,2
Taijuan Walker,R,SF,2025-04-14,1,99,22,5
Taijuan Walker,R,ATL,2025-04-09,3,94,22,5
Taijuan Walker,R,COL,2025-04-03,1,74,22,4
Clarke Schmidt,R,LAA,2025-05-29,1,99,22,4
Clarke Schmidt,R,COL,2025-05-24,2,97,21,8
Clarke Schmidt,R,NYM,2025-05-17,5,88,25,5
Clarke Schmidt,R,SEA,2025-05-13,2,92,23,6
Clarke Schmidt,R,SD,2025-05-06,1,85,23,4
Clarke Schmidt,R,TOR,2025-04-27,4,90,20,6
Clarke Schmidt,R,CLE,2025-04-21,3,80,22,7
Clarke Schmidt,R,KC,2025-04-16,2,73,23,2
Osvaldo Bido,R,LAD,2025-05-16,2,49,12,2
Osvaldo Bido,R,NYY,2025-05-10,2,96,26,6
Osvaldo Bido,R,MIA,2025-05-03,2,70,20,4
Osvaldo Bido,R,CHW,2025-04-27,2,90,23,1
Osvaldo Bido,R,TEX,2025-04-23,3,91,27,2
Osvaldo Bido,R,CHW,2025-04-16,1,83,22,0
Osvaldo Bido,R,SD,2025-04-09,0,90,24,5
Osvaldo Bido,R,COL,2025-04-04,2,87,22,5
Osvaldo Bido,R,SEA,2025-03-30,4,81,22,4
Walker Buehler,R,ATL,2025-05-31,2,106,28,6
Walker Buehler,R,BAL,2025-05-25,2,85,20,3
Walker Buehler,R,NYM,2025-05-20,2,52,11,4
Walker Buehler,R,CLE,2025-04-26,1,87,25,3
Walker Buehler,R,CHW,2025-04-21,3,100,27,9
Walker Buehler,R,TB,2025-04-15,3,89,21,3
Walker Buehler,R,TOR,2025-04-10,1,89,24,7
Walker Buehler,R,STL,2025-04-04,1,83,22,4
Walker Buehler,R,TEX,2025-03-29,0,80,21,3
Zach Eflin,R,CHW,2025-05-30,1,99,24,6
Zach Eflin,R,BOS,2025-05-24,2,83,22,1
Zach Eflin,R,WSH,2025-05-18,0,93,26,4
Zach Eflin,R,LAA,2025-05-11,2,83,21,5
Zach Eflin,R,ARI,2025-04-08,0,73,23,1
Zach Eflin,R,BOS,2025-04-02,0,87,24,5
Zach Eflin,R,TOR,2025-03-27,1,78,21,2
Keider Montero,R,KC,2025-06-01,1,72,20,2
Keider Montero,R,SF,2025-05-26,2,79,18,3
Keider Montero,R,STL,2025-05-19,2,98,27,3
Keider Montero,R,BOS,2025-05-13,1,62,16,3
Keider Montero,R,COL,2025-05-08,3,92,29,2
Keider Montero,R,BAL,2025-04-26,2,77,18,2
Keider Montero,R,SD,2025-04-21,4,92,22,3
Keider Montero,R,MIL,2025-04-16,1,85,24,8
Logan Evans,R,WSH,2025-05-28,1,88,27,4
Logan Evans,R,CHW,2025-05-21,1,90,24,7
Logan Evans,R,SD,2025-05-17,1,89,25,3
Logan Evans,R,TOR,2025-05-11,2,86,22,3
Logan Evans,R,TEX,2025-05-04,2,92,26,5
Logan Evans,R,MIA,2025-04-27,3,78,20,3
Roki Sasaki,R,ARI,2025-05-10,2,61,20,0
Roki Sasaki,R,ATL,2025-05-04,2,98,24,4
Roki Sasaki,R,PIT,2025-04-27,2,93,24,4
Roki Sasaki,R,TEX,2025-04-19,3,78,22,4
Roki Sasaki,R,CHC,2025-04-13,2,81,21,3
Roki Sasaki,R,PHI,2025-04-05,2,68,17,4
Roki Sasaki,R,DET,2025-03-30,4,61,12,2
Roki Sasaki,R,CHC,2025-03-19,5,56,14,3
Jose Quintana,L,PHI,2025-06-01,4,82,23,3
Jose Quintana,L,TB,2025-05-09,2,75,22,3
Jose Quintana,L,CHC,2025-05-03,1,91,23,6
Jose Quintana,L,STL,2025-04-27,3,98,23,6
Jose Quintana,L,SF,2025-04-23,2,94,24,3
Jose Quintana,L,DET,2025-04-16,3,100,24,4
Jose Quintana,L,ARI,2025-04-12,0,80,22,2
Brayan Bello,R,MIL,2025-05-28,2,77,20,2
Brayan Bello,R,BAL,2025-05-23,1,87,18,7
Brayan Bello,R,ATL,2025-05-18,5,92,27,3
Brayan Bello,R,DET,2025-05-13,2,92,21,4
Brayan Bello,R,TEX,2025-05-08,5,83,21,1
Brayan Bello,R,MIN,2025-05-02,1,102,25,5
Brayan Bello,R,CLE,2025-04-27,3,99,26,4
Brayan Bello,R,SEA,2025-04-22,3,97,22,3
Bryce Miller,R,MIN,2025-05-31,1,71,19,2
Bryce Miller,R,TOR,2025-05-11,2,92,25,3
Bryce Miller,R,ATH,2025-05-06,0,94,20,1
Bryce Miller,R,LAA,2025-04-30,5,83,20,6
Bryce Miller,R,BOS,2025-04-22,4,100,23,4
Bryce Miller,R,CIN,2025-04-16,2,78,18,8
Bryce Miller,R,TEX,2025-04-12,3,100,20,5
Bryce Miller,R,SF,2025-04-06,3,93,24,4
Bryce Miller,R,ATH,2025-03-30,2,90,24,4
Hunter Dobbins,R,LAA,2025-06-02,1,60,19,4
Hunter Dobbins,R,MIL,2025-05-28,3,52,15,1
Hunter Dobbins,R,BAL,2025-05-24,1,72,18,7
Hunter Dobbins,R,NYM,2025-05-19,1,66,18,2
Hunter Dobbins,R,DET,2025-05-14,0,88,23,4
Hunter Dobbins,R,KC,2025-05-09,0,81,22,6
Hunter Dobbins,R,MIN,2025-05-03,2,92,27,2
Hunter Dobbins,R,CHW,2025-04-18,0,79,23,6
Hunter Dobbins,R,STL,2025-04-06,2,93,24,5
Ryan Gusto,R,TB,2025-05-30,3,83,18,4
Ryan Gusto,R,SEA,2025-05-24,3,79,19,6
Ryan Gusto,R,TEX,2025-05-17,2,30,6,1
Ryan Gusto,R,KC,2025-05-13,3,68,18,2
Ryan Gusto,R,CHW,2025-05-04,2,27,7,0
Ryan Gusto,R,DET,2025-04-30,2,90,20,6
Ryan Gusto,R,TOR,2025-04-23,1,80,21,6
Ryan Gusto,R,SD,2025-04-19,0,68,22,2
Ryan Gusto,R,LAA,2025-04-12,1,72,17,6
Ryan Gusto,R,SEA,2025-04-09,1,15,3,0
Ryan Gusto,R,MIN,2025-04-05,1,42,11,4
Ryan Gusto,R,SF,2025-04-02,0,29,8,4
Ryan Gusto,R,SF,2025-04-01,0,25,8,1
Chase Dollander,R,ARI,2025-05-18,2,98,20,6
Chase Dollander,R,TEX,2025-05-13,3,85,22,7
Chase Dollander,R,DET,2025-05-08,3,70,18,0
Chase Dollander,R,ATL,2025-04-30,3,88,22,4
Chase Dollander,R,KC,2025-04-24,2,92,22,3
Chase Dollander,R,WSH,2025-04-19,2,78,24,5
Chase Dollander,R,SD,2025-04-13,2,93,22,7
Chase Dollander,R,ATH,2025-04-06,1,79,22,6
Ranger Suarez,L,MIL,2025-06-01,0,97,25,2
Ranger Suarez,L,ATL,2025-05-27,3,103,26,8
Ranger Suarez,L,COL,2025-05-22,3,99,29,6
Ranger Suarez,L,PIT,2025-05-16,1,98,28,6
Ranger Suarez,L,CLE,2025-05-10,1,82,23,5
Ranger Suarez,L,ARI,2025-05-04,2,82,20,6
Jacob Lopez,L,TOR,2025-05-29,1,43,12,0
Jacob Lopez,L,PHI,2025-05-24,1,91,26,8
Jacob Lopez,L,TEX,2025-04-30,4,84,18,4
Jacob Lopez,L,TEX,2025-04-23,3,41,9,4
Jacob Lopez,L,MIL,2025-04-20,0,21,5,0
Jacob Lopez,L,MIL,2025-04-19,0,26,8,1
Spencer Strider,R,PHI,2025-05-27,4,90,20,7
Spencer Strider,R,WSH,2025-05-20,1,75,19,3
Spencer Strider,R,TOR,2025-04-16,1,97,21,5
Lucas Giolito,R,ATL,2025-05-30,2,85,21,3
Lucas Giolito,R,BAL,2025-05-24,2,99,25,6
Lucas Giolito,R,ATL,2025-05-17,2,87,22,3
Lucas Giolito,R,KC,2025-05-11,1,88,23,5
Lucas Giolito,R,TEX,2025-05-06,1,74,20,2
Lucas Giolito,R,TOR,2025-04-30,2,90,25,7
Cade Horton,R,COL,2025-05-28,1,83,23,6
Cade Horton,R,MIA,2025-05-21,3,92,24,3
Cade Horton,R,CHW,2025-05-16,0,79,21,2
Cade Horton,R,NYM,2025-05-10,0,77,18,5
Slade Cecconi,R,LAA,2025-05-31,3,95,22,3
Slade Cecconi,R,DET,2025-05-23,2,84,25,6
Slade Cecconi,R,CIN,2025-05-17,0,77,20,8
Lance McCullers Jr,R,ATH,2025-05-28,1,102,24,12
Lance McCullers Jr,R,SEA,2025-05-23,3,91,22,8
Lance McCullers Jr,R,TEX,2025-05-17,1,83,19,2
Lance McCullers Jr,R,CIN,2025-05-10,3,36,8,0
Lance McCullers Jr,R,CHW,2025-05-04,3,87,18,4
Ryan Weathers,L,SF,2025-06-01,3,99,26,7
Ryan Weathers,L,SD,2025-05-27,3,94,24,6
Ryan Weathers,L,CHC,2025-05-20,0,80,19,4
Ryan Weathers,L,CHC,2025-05-14,1,76,18,5
Edward Cabrera,R,SF,2025-05-31,3,89,24,5
Edward Cabrera,R,LAA,2025-05-25,2,87,21,10
Edward Cabrera,R,CHC,2025-05-19,1,90,21,7
Edward Cabrera,R,CHW,2025-05-10,1,85,18,2
Edward Cabrera,R,ATH,2025-05-04,1,86,23,4
Edward Cabrera,R,LAD,2025-04-29,3,97,23,2
Edward Cabrera,R,CIN,2025-04-22,2,87,22,7
Edward Cabrera,R,ARI,2025-04-17,3,88,21,6
Edward Cabrera,R,WSH,2025-04-11,3,79,24,5
Aaron Civale,R,CIN,2025-06-02,1,86,23,5
Aaron Civale,R,BOS,2025-05-27,1,79,18,4
Aaron Civale,R,PIT,2025-05-22,2,73,18,3
Aaron Civale,R,NYY,2025-03-30,1,68,14,2
Zebby Matthews,R,SEA,2025-05-31,1,94,27,7
Zebby Matthews,R,KC,2025-05-24,1,81,18,9
Zebby Matthews,R,MIL,2025-05-18,3,71,17,5
Mike Burrows,R,ARI,2025-05-28,2,78,19,2
Mike Burrows,R,MIL,2025-05-22,2,77,20,3
Hayden Birdsong,R,MIA,2025-06-01,0,88,21,5
Hayden Birdsong,R,DET,2025-05-26,2,88,20,6
Hayden Birdsong,R,KC,2025-05-21,0,80,19,4
Hayden Birdsong,R,ARI,2025-05-14,2,65,16,3
Hayden Birdsong,R,MIN,2025-05-11,0,31,8,3
Hayden Birdsong,R,CHC,2025-05-05,2,29,7,0
Hayden Birdsong,R,COL,2025-05-03,0,26,6,1
Hayden Birdsong,R,TEX,2025-04-27,0,50,12,5
Hayden Birdsong,R,MIL,2025-04-22,2,49,11,4
Hayden Birdsong,R,PHI,2025-04-15,1,24,6,0
Hayden Birdsong,R,NYY,2025-04-13,0,20,7,3
Hayden Birdsong,R,CIN,2025-04-09,1,39,11,2
Hayden Birdsong,R,SEA,2025-04-06,1,27,8,2
Hayden Birdsong,R,HOU,2025-04-02,1,26,9,2
George Kirby,R,WSH,2025-05-29,2,78,23,4
George Kirby,R,HOU,2025-05-23,1,72,19,4
Logan Gilbert,R,MIA,2025-04-26,0,29,9,3
Logan Gilbert,R,TOR,2025-04-19,2,102,24,9
Logan Gilbert,R,TEX,2025-04-13,1,94,19,7
Logan Gilbert,R,HOU,2025-04-08,2,99,21,7
Logan Gilbert,R,DET,2025-04-02,1,92,21,10
Logan Gilbert,R,ATH,2025-03-28,0,83,23,8
Michael Soroka,R,ARI,2025-06-01,1,94,23,3
Michael Soroka,R,SF,2025-05-25,1,91,24,2
Michael Soroka,R,BAL,2025-05-18,0,82,25,8
Michael Soroka,R,ATL,2025-05-13,1,81,16,4
Michael Soroka,R,CLE,2025-05-07,2,78,22,8
Michael Soroka,R,TOR,2025-03-31,1,83,21,3
Ryan Yarbrough,R,LAD,2025-06-01,0,93,21,5
Ryan Yarbrough,R,LAA,2025-05-27,1,88,21,7
Ryan Yarbrough,R,TEX,2025-05-21,0,81,18,8
Ryan Yarbrough,R,ATH,2025-05-11,1,67,21,2
Ryan Yarbrough,R,TB,2025-05-03,3,64,16,2
Ryan Yarbrough,R,BAL,2025-04-28,1,53,13,3
Ryan Yarbrough,R,CLE,2025-04-21,0,13,4,0
Ryan Yarbrough,R,TB,2025-04-17,1,56,14,1
Ryan Yarbrough,R,SF,2025-04-11,1,48,10,3
Ryan Yarbrough,R,DET,2025-04-08,0,27,7,3
Ryan Yarbrough,R,PIT,2025-04-05,1,38,7,5
Ryan Yarbrough,R,ARI,2025-04-03,2,24,6,0
Ryan Yarbrough,R,MIL,2025-03-30,0,12,4,1
Stephen Kolek,R,SF,2025-06-03,2,98,22,3
Stephen Kolek,R,MIA,2025-05-28,2,93,25,3
Stephen Kolek,R,TOR,2025-05-22,3,92,29,6
Stephen Kolek,R,SEA,2025-05-17,1,83,23,4
Stephen Kolek,R,COL,2025-05-11,2,104,32,7
Stephen Kolek,R,PIT,2025-05-04,2,84,20,4
